CREATE TABLE "auth_group" ("id" integer NOT NULL PRIMARY KEY AUTOINCREMENT, "name" varchar(80) NOT NULL UNIQUE);
CREATE UNIQUE INDEX "auth_group_permissions_group_id_0cd325b0_uniq" ON "auth_group_permissions" ("group_id", "permission_id");
CREATE INDEX IF NOT EXISTS "auth_group_permissions_0e939a4f" ON "auth_group_permissions" ("group_id");
CREATE INDEX IF NOT EXISTS "auth_group_permissions_8373b171" ON "auth_group_permissions" ("permission_id");
CREATE UNIQUE INDEX "auth_user_groups_user_id_94350c0c_uniq" ON "auth_user_groups" ("user_id", "group_id");
CREATE INDEX IF NOT EXISTS "auth_user_groups_e8701ad4" ON "auth_user_groups" ("user_id");
CREATE INDEX IF NOT EXISTS "auth_user_groups_0e939a4f" ON "auth_user_groups" ("group_id");
CREATE UNIQUE INDEX "auth_user_user_permissions_user_id_14a6b632_uniq" ON "auth_user_user_permissions" ("user_id", "permission_id");
CREATE INDEX IF NOT EXISTS "auth_user_user_permissions_e8701ad4" ON "auth_user_user_permissions" ("user_id");
CREATE INDEX IF NOT EXISTS "auth_user_user_permissions_8373b171" ON "auth_user_user_permissions" ("permission_id");
CREATE INDEX IF NOT EXISTS "django_admin_log_417f1b1c" ON "django_admin_log" ("content_type_id");
CREATE INDEX IF NOT EXISTS "django_admin_log_e8701ad4" ON "django_admin_log" ("user_id");
CREATE UNIQUE INDEX "django_content_type_app_label_76bd3d3b_uniq" ON "django_content_type" ("app_label", "model");
CREATE UNIQUE INDEX "auth_permission_content_type_id_01ab375a_uniq" ON "auth_permission" ("content_type_id", "codename");
CREATE INDEX IF NOT EXISTS "auth_permission_417f1b1c" ON "auth_permission" ("content_type_id");
CREATE INDEX IF NOT EXISTS "django_session_de54fa62" ON "django_session" ("expire_date");
CREATE INDEX IF NOT EXISTS "cpm_stagesetting_6fa54945" ON "cpm_stagesetting" ("project_name_id");
CREATE INDEX IF NOT EXISTS "cpm_team_33fd710b" ON "cpm_team" ("member_role_id");
CREATE INDEX IF NOT EXISTS "cpm_team_6fa54945" ON "cpm_team" ("project_name_id");
CREATE INDEX IF NOT EXISTS "cpm_schedule_02c1725c" ON "cpm_schedule" ("assigned_to_id");
CREATE INDEX IF NOT EXISTS "cpm_schedule_6fa54945" ON "cpm_schedule" ("project_name_id");
CREATE INDEX IF NOT EXISTS "cpm_prototype_6fa54945" ON "cpm_prototype" ("project_name_id");
CREATE INDEX IF NOT EXISTS "cpm_schedulecomment_9bc70bb9" ON "cpm_schedulecomment" ("schedule_id");
CREATE INDEX IF NOT EXISTS "cpm_plan_6fa54945" ON "cpm_plan" ("project_name_id");
CREATE INDEX IF NOT EXISTS "cpm_materialcomment_eb4b9aaa" ON "cpm_materialcomment" ("material_id");
CREATE INDEX IF NOT EXISTS "cpm_trackinginfo_courier_id_id_250bdd28" ON "cpm_trackinginfo" ("courier_id_id");
CREATE INDEX IF NOT EXISTS "cpm_trackinginfo_material_id_789fe3e8" ON "cpm_trackinginfo" ("material_id");
CREATE INDEX IF NOT EXISTS "cpm_material_project_name_id_7a455a0b" ON "cpm_material" ("project_name_id");
CREATE INDEX IF NOT EXISTS "cpm_material_order_status_id_9626aa8a" ON "cpm_material" ("order_status_id");
CREATE INDEX IF NOT EXISTS "cpm_material_order_priority_id_7d2a64e8" ON "cpm_material" ("order_priority_id");
CREATE TABLE "auth_group_permissions" ("id" integer NOT NULL PRIMARY KEY AUTOINCREMENT, "group_id" integer NOT NULL REFERENCES "auth_group" ("id"), "permission_id" integer NOT NULL REFERENCES "auth_permission" ("id"));
CREATE UNIQUE INDEX "auth_group_permissions_group_id_0cd325b0_uniq" ON "auth_group_permissions" ("group_id", "permission_id");
CREATE INDEX IF NOT EXISTS "auth_group_permissions_0e939a4f" ON "auth_group_permissions" ("group_id");
CREATE INDEX IF NOT EXISTS "auth_group_permissions_8373b171" ON "auth_group_permissions" ("permission_id");
CREATE UNIQUE INDEX "auth_user_groups_user_id_94350c0c_uniq" ON "auth_user_groups" ("user_id", "group_id");
CREATE INDEX IF NOT EXISTS "auth_user_groups_e8701ad4" ON "auth_user_groups" ("user_id");
CREATE INDEX IF NOT EXISTS "auth_user_groups_0e939a4f" ON "auth_user_groups" ("group_id");
CREATE UNIQUE INDEX "auth_user_user_permissions_user_id_14a6b632_uniq" ON "auth_user_user_permissions" ("user_id", "permission_id");
CREATE INDEX IF NOT EXISTS "auth_user_user_permissions_e8701ad4" ON "auth_user_user_permissions" ("user_id");
CREATE INDEX IF NOT EXISTS "auth_user_user_permissions_8373b171" ON "auth_user_user_permissions" ("permission_id");
CREATE INDEX IF NOT EXISTS "django_admin_log_417f1b1c" ON "django_admin_log" ("content_type_id");
CREATE INDEX IF NOT EXISTS "django_admin_log_e8701ad4" ON "django_admin_log" ("user_id");
CREATE UNIQUE INDEX "django_content_type_app_label_76bd3d3b_uniq" ON "django_content_type" ("app_label", "model");
CREATE UNIQUE INDEX "auth_permission_content_type_id_01ab375a_uniq" ON "auth_permission" ("content_type_id", "codename");
CREATE INDEX IF NOT EXISTS "auth_permission_417f1b1c" ON "auth_permission" ("content_type_id");
CREATE INDEX IF NOT EXISTS "django_session_de54fa62" ON "django_session" ("expire_date");
CREATE INDEX IF NOT EXISTS "cpm_stagesetting_6fa54945" ON "cpm_stagesetting" ("project_name_id");
CREATE INDEX IF NOT EXISTS "cpm_team_33fd710b" ON "cpm_team" ("member_role_id");
CREATE INDEX IF NOT EXISTS "cpm_team_6fa54945" ON "cpm_team" ("project_name_id");
CREATE INDEX IF NOT EXISTS "cpm_schedule_02c1725c" ON "cpm_schedule" ("assigned_to_id");
CREATE INDEX IF NOT EXISTS "cpm_schedule_6fa54945" ON "cpm_schedule" ("project_name_id");
CREATE INDEX IF NOT EXISTS "cpm_prototype_6fa54945" ON "cpm_prototype" ("project_name_id");
CREATE INDEX IF NOT EXISTS "cpm_schedulecomment_9bc70bb9" ON "cpm_schedulecomment" ("schedule_id");
CREATE INDEX IF NOT EXISTS "cpm_plan_6fa54945" ON "cpm_plan" ("project_name_id");
CREATE INDEX IF NOT EXISTS "cpm_materialcomment_eb4b9aaa" ON "cpm_materialcomment" ("material_id");
CREATE INDEX IF NOT EXISTS "cpm_trackinginfo_courier_id_id_250bdd28" ON "cpm_trackinginfo" ("courier_id_id");
CREATE INDEX IF NOT EXISTS "cpm_trackinginfo_material_id_789fe3e8" ON "cpm_trackinginfo" ("material_id");
CREATE INDEX IF NOT EXISTS "cpm_material_project_name_id_7a455a0b" ON "cpm_material" ("project_name_id");
CREATE INDEX IF NOT EXISTS "cpm_material_order_status_id_9626aa8a" ON "cpm_material" ("order_status_id");
CREATE INDEX IF NOT EXISTS "cpm_material_order_priority_id_7d2a64e8" ON "cpm_material" ("order_priority_id");
CREATE TABLE "auth_permission" ("id" integer NOT NULL PRIMARY KEY AUTOINCREMENT, "content_type_id" integer NOT NULL REFERENCES "django_content_type" ("id"), "codename" varchar(100) NOT NULL, "name" varchar(255) NOT NULL);
INSERT INTO "auth_permission" VALUES(1,1,'add_logentry','Can add log entry');
INSERT INTO "auth_permission" VALUES(2,1,'change_logentry','Can change log entry');
INSERT INTO "auth_permission" VALUES(3,1,'delete_logentry','Can delete log entry');
INSERT INTO "auth_permission" VALUES(4,2,'add_permission','Can add permission');
INSERT INTO "auth_permission" VALUES(5,2,'change_permission','Can change permission');
INSERT INTO "auth_permission" VALUES(6,2,'delete_permission','Can delete permission');
INSERT INTO "auth_permission" VALUES(7,3,'add_group','Can add group');
INSERT INTO "auth_permission" VALUES(8,3,'change_group','Can change group');
INSERT INTO "auth_permission" VALUES(9,3,'delete_group','Can delete group');
INSERT INTO "auth_permission" VALUES(10,4,'add_user','Can add user');
INSERT INTO "auth_permission" VALUES(11,4,'change_user','Can change user');
INSERT INTO "auth_permission" VALUES(12,4,'delete_user','Can delete user');
INSERT INTO "auth_permission" VALUES(13,5,'add_contenttype','Can add content type');
INSERT INTO "auth_permission" VALUES(14,5,'change_contenttype','Can change content type');
INSERT INTO "auth_permission" VALUES(15,5,'delete_contenttype','Can delete content type');
INSERT INTO "auth_permission" VALUES(16,6,'add_session','Can add session');
INSERT INTO "auth_permission" VALUES(17,6,'change_session','Can change session');
INSERT INTO "auth_permission" VALUES(18,6,'delete_session','Can delete session');
INSERT INTO "auth_permission" VALUES(19,7,'add_signup','Can add sign up');
INSERT INTO "auth_permission" VALUES(20,7,'change_signup','Can change sign up');
INSERT INTO "auth_permission" VALUES(21,7,'delete_signup','Can delete sign up');
INSERT INTO "auth_permission" VALUES(22,8,'add_site','Can add site');
INSERT INTO "auth_permission" VALUES(23,8,'change_site','Can change site');
INSERT INTO "auth_permission" VALUES(24,8,'delete_site','Can delete site');
INSERT INTO "auth_permission" VALUES(25,9,'add_registrationprofile','Can add registration profile');
INSERT INTO "auth_permission" VALUES(26,9,'change_registrationprofile','Can change registration profile');
INSERT INTO "auth_permission" VALUES(27,9,'delete_registrationprofile','Can delete registration profile');
INSERT INTO "auth_permission" VALUES(31,11,'add_project','Can add project');
INSERT INTO "auth_permission" VALUES(32,11,'change_project','Can change project');
INSERT INTO "auth_permission" VALUES(33,11,'delete_project','Can delete project');
INSERT INTO "auth_permission" VALUES(34,12,'add_stage','Can add stage');
INSERT INTO "auth_permission" VALUES(35,12,'change_stage','Can change stage');
INSERT INTO "auth_permission" VALUES(36,12,'delete_stage','Can delete stage');
INSERT INTO "auth_permission" VALUES(37,13,'add_stagesetting','Can add stage setting');
INSERT INTO "auth_permission" VALUES(38,13,'change_stagesetting','Can change stage setting');
INSERT INTO "auth_permission" VALUES(39,13,'delete_stagesetting','Can delete stage setting');
INSERT INTO "auth_permission" VALUES(43,15,'add_role','Can add role');
INSERT INTO "auth_permission" VALUES(44,15,'change_role','Can change role');
INSERT INTO "auth_permission" VALUES(45,15,'delete_role','Can delete role');
INSERT INTO "auth_permission" VALUES(49,17,'add_team','Can add team');
INSERT INTO "auth_permission" VALUES(50,17,'change_team','Can change team');
INSERT INTO "auth_permission" VALUES(51,17,'delete_team','Can delete team');
INSERT INTO "auth_permission" VALUES(52,18,'add_plan','Can add plan');
INSERT INTO "auth_permission" VALUES(53,18,'change_plan','Can change plan');
INSERT INTO "auth_permission" VALUES(54,18,'delete_plan','Can delete plan');
INSERT INTO "auth_permission" VALUES(55,19,'add_schedule','Can add schedule');
INSERT INTO "auth_permission" VALUES(56,19,'change_schedule','Can change schedule');
INSERT INTO "auth_permission" VALUES(57,19,'delete_schedule','Can delete schedule');
INSERT INTO "auth_permission" VALUES(58,20,'add_material','Can add material');
INSERT INTO "auth_permission" VALUES(59,20,'change_material','Can change material');
INSERT INTO "auth_permission" VALUES(60,20,'delete_material','Can delete material');
INSERT INTO "auth_permission" VALUES(61,21,'add_orderstatus','Can add order status');
INSERT INTO "auth_permission" VALUES(62,21,'change_orderstatus','Can change order status');
INSERT INTO "auth_permission" VALUES(63,21,'delete_orderstatus','Can delete order status');
INSERT INTO "auth_permission" VALUES(64,22,'add_prototype','Can add prototype');
INSERT INTO "auth_permission" VALUES(65,22,'change_prototype','Can change prototype');
INSERT INTO "auth_permission" VALUES(66,22,'delete_prototype','Can delete prototype');
INSERT INTO "auth_permission" VALUES(67,23,'add_materialcomment','Can add material comment');
INSERT INTO "auth_permission" VALUES(68,23,'change_materialcomment','Can change material comment');
INSERT INTO "auth_permission" VALUES(69,23,'delete_materialcomment','Can delete material comment');
INSERT INTO "auth_permission" VALUES(70,24,'add_schedulecomment','Can add schedule comment');
INSERT INTO "auth_permission" VALUES(71,24,'change_schedulecomment','Can change schedule comment');
INSERT INTO "auth_permission" VALUES(72,24,'delete_schedulecomment','Can delete schedule comment');
INSERT INTO "auth_permission" VALUES(73,25,'add_courier','Can add courier');
INSERT INTO "auth_permission" VALUES(74,25,'change_courier','Can change courier');
INSERT INTO "auth_permission" VALUES(75,25,'delete_courier','Can delete courier');
INSERT INTO "auth_permission" VALUES(76,26,'add_trackinginfo','Can add tracking info');
INSERT INTO "auth_permission" VALUES(77,26,'change_trackinginfo','Can change tracking info');
INSERT INTO "auth_permission" VALUES(78,26,'delete_trackinginfo','Can delete tracking info');
INSERT INTO "auth_permission" VALUES(79,27,'add_orderlisting','Can add order listing');
INSERT INTO "auth_permission" VALUES(80,27,'change_orderlisting','Can change order listing');
INSERT INTO "auth_permission" VALUES(81,27,'delete_orderlisting','Can delete order listing');
INSERT INTO "auth_permission" VALUES(82,28,'add_categorylist','Can add category list');
INSERT INTO "auth_permission" VALUES(83,28,'change_categorylist','Can change category list');
INSERT INTO "auth_permission" VALUES(84,28,'delete_categorylist','Can delete category list');
INSERT INTO "auth_permission" VALUES(85,29,'add_subcategorylist','Can add sub category list');
INSERT INTO "auth_permission" VALUES(86,29,'change_subcategorylist','Can change sub category list');
INSERT INTO "auth_permission" VALUES(87,29,'delete_subcategorylist','Can delete sub category list');
INSERT INTO "auth_permission" VALUES(88,30,'add_vendorlist','Can add vendor list');
INSERT INTO "auth_permission" VALUES(89,30,'change_vendorlist','Can change vendor list');
INSERT INTO "auth_permission" VALUES(90,30,'delete_vendorlist','Can delete vendor list');
INSERT INTO "auth_permission" VALUES(91,31,'add_orderpriority','Can add order priority');
INSERT INTO "auth_permission" VALUES(92,31,'change_orderpriority','Can change order priority');
INSERT INTO "auth_permission" VALUES(93,31,'delete_orderpriority','Can delete order priority');
INSERT INTO "auth_permission" VALUES(94,32,'add_readcommenttrack','Can add read comment track');
INSERT INTO "auth_permission" VALUES(95,32,'change_readcommenttrack','Can change read comment track');
INSERT INTO "auth_permission" VALUES(96,32,'delete_readcommenttrack','Can delete read comment track');
CREATE UNIQUE INDEX "auth_group_permissions_group_id_0cd325b0_uniq" ON "auth_group_permissions" ("group_id", "permission_id");
CREATE INDEX IF NOT EXISTS "auth_group_permissions_0e939a4f" ON "auth_group_permissions" ("group_id");
CREATE INDEX IF NOT EXISTS "auth_group_permissions_8373b171" ON "auth_group_permissions" ("permission_id");
CREATE UNIQUE INDEX "auth_user_groups_user_id_94350c0c_uniq" ON "auth_user_groups" ("user_id", "group_id");
CREATE INDEX IF NOT EXISTS "auth_user_groups_e8701ad4" ON "auth_user_groups" ("user_id");
CREATE INDEX IF NOT EXISTS "auth_user_groups_0e939a4f" ON "auth_user_groups" ("group_id");
CREATE UNIQUE INDEX "auth_user_user_permissions_user_id_14a6b632_uniq" ON "auth_user_user_permissions" ("user_id", "permission_id");
CREATE INDEX IF NOT EXISTS "auth_user_user_permissions_e8701ad4" ON "auth_user_user_permissions" ("user_id");
CREATE INDEX IF NOT EXISTS "auth_user_user_permissions_8373b171" ON "auth_user_user_permissions" ("permission_id");
CREATE INDEX IF NOT EXISTS "django_admin_log_417f1b1c" ON "django_admin_log" ("content_type_id");
CREATE INDEX IF NOT EXISTS "django_admin_log_e8701ad4" ON "django_admin_log" ("user_id");
CREATE UNIQUE INDEX "django_content_type_app_label_76bd3d3b_uniq" ON "django_content_type" ("app_label", "model");
CREATE UNIQUE INDEX "auth_permission_content_type_id_01ab375a_uniq" ON "auth_permission" ("content_type_id", "codename");
CREATE INDEX IF NOT EXISTS "auth_permission_417f1b1c" ON "auth_permission" ("content_type_id");
CREATE INDEX IF NOT EXISTS "django_session_de54fa62" ON "django_session" ("expire_date");
CREATE INDEX IF NOT EXISTS "cpm_stagesetting_6fa54945" ON "cpm_stagesetting" ("project_name_id");
CREATE INDEX IF NOT EXISTS "cpm_team_33fd710b" ON "cpm_team" ("member_role_id");
CREATE INDEX IF NOT EXISTS "cpm_team_6fa54945" ON "cpm_team" ("project_name_id");
CREATE INDEX IF NOT EXISTS "cpm_schedule_02c1725c" ON "cpm_schedule" ("assigned_to_id");
CREATE INDEX IF NOT EXISTS "cpm_schedule_6fa54945" ON "cpm_schedule" ("project_name_id");
CREATE INDEX IF NOT EXISTS "cpm_prototype_6fa54945" ON "cpm_prototype" ("project_name_id");
CREATE INDEX IF NOT EXISTS "cpm_schedulecomment_9bc70bb9" ON "cpm_schedulecomment" ("schedule_id");
CREATE INDEX IF NOT EXISTS "cpm_plan_6fa54945" ON "cpm_plan" ("project_name_id");
CREATE INDEX IF NOT EXISTS "cpm_materialcomment_eb4b9aaa" ON "cpm_materialcomment" ("material_id");
CREATE INDEX IF NOT EXISTS "cpm_trackinginfo_courier_id_id_250bdd28" ON "cpm_trackinginfo" ("courier_id_id");
CREATE INDEX IF NOT EXISTS "cpm_trackinginfo_material_id_789fe3e8" ON "cpm_trackinginfo" ("material_id");
CREATE INDEX IF NOT EXISTS "cpm_material_project_name_id_7a455a0b" ON "cpm_material" ("project_name_id");
CREATE INDEX IF NOT EXISTS "cpm_material_order_status_id_9626aa8a" ON "cpm_material" ("order_status_id");
CREATE INDEX IF NOT EXISTS "cpm_material_order_priority_id_7d2a64e8" ON "cpm_material" ("order_priority_id");
CREATE TABLE "auth_user" ("id" integer NOT NULL PRIMARY KEY AUTOINCREMENT, "password" varchar(128) NOT NULL, "last_login" datetime NULL, "is_superuser" bool NOT NULL, "first_name" varchar(30) NOT NULL, "last_name" varchar(30) NOT NULL, "email" varchar(254) NOT NULL, "is_staff" bool NOT NULL, "is_active" bool NOT NULL, "date_joined" datetime NOT NULL, "username" varchar(150) NOT NULL UNIQUE);
INSERT INTO "auth_user" VALUES(1,'pbkdf2_sha256$36000$NCeKtFUuWlFF$BiABMGezECw6r9+otIDoUe8axSo/QYkN9lhTzsyjY5Y=','2017-09-29 04:04:32.152000',1,'','','nbengt14@gmail.com',1,1,'2016-02-26 15:51:04.195000','naveena');
INSERT INTO "auth_user" VALUES(10,'pbkdf2_sha256$36000$QsY0I7MsmjYV$7VJcywX4Kr6KiwMim7j2BhLHGSqjQ7t/X1WhMKsNoyU=',NULL,0,'','','',0,1,'2017-07-28 09:15:16.761000','test');
INSERT INTO "auth_user" VALUES(11,'pbkdf2_sha256$36000$e0TomUEZCoOz$k5qVoYlkzMOA+DeVzAX6TbA9Ks8P5k0Tr+QGLIPRW9M=','2017-08-25 06:46:43.840000',0,'','','',0,1,'2017-08-25 06:46:23.922000','nonstaff');
CREATE UNIQUE INDEX "auth_group_permissions_group_id_0cd325b0_uniq" ON "auth_group_permissions" ("group_id", "permission_id");
CREATE INDEX IF NOT EXISTS "auth_group_permissions_0e939a4f" ON "auth_group_permissions" ("group_id");
CREATE INDEX IF NOT EXISTS "auth_group_permissions_8373b171" ON "auth_group_permissions" ("permission_id");
CREATE UNIQUE INDEX "auth_user_groups_user_id_94350c0c_uniq" ON "auth_user_groups" ("user_id", "group_id");
CREATE INDEX IF NOT EXISTS "auth_user_groups_e8701ad4" ON "auth_user_groups" ("user_id");
CREATE INDEX IF NOT EXISTS "auth_user_groups_0e939a4f" ON "auth_user_groups" ("group_id");
CREATE UNIQUE INDEX "auth_user_user_permissions_user_id_14a6b632_uniq" ON "auth_user_user_permissions" ("user_id", "permission_id");
CREATE INDEX IF NOT EXISTS "auth_user_user_permissions_e8701ad4" ON "auth_user_user_permissions" ("user_id");
CREATE INDEX IF NOT EXISTS "auth_user_user_permissions_8373b171" ON "auth_user_user_permissions" ("permission_id");
CREATE INDEX IF NOT EXISTS "django_admin_log_417f1b1c" ON "django_admin_log" ("content_type_id");
CREATE INDEX IF NOT EXISTS "django_admin_log_e8701ad4" ON "django_admin_log" ("user_id");
CREATE UNIQUE INDEX "django_content_type_app_label_76bd3d3b_uniq" ON "django_content_type" ("app_label", "model");
CREATE UNIQUE INDEX "auth_permission_content_type_id_01ab375a_uniq" ON "auth_permission" ("content_type_id", "codename");
CREATE INDEX IF NOT EXISTS "auth_permission_417f1b1c" ON "auth_permission" ("content_type_id");
CREATE INDEX IF NOT EXISTS "django_session_de54fa62" ON "django_session" ("expire_date");
CREATE INDEX IF NOT EXISTS "cpm_stagesetting_6fa54945" ON "cpm_stagesetting" ("project_name_id");
CREATE INDEX IF NOT EXISTS "cpm_team_33fd710b" ON "cpm_team" ("member_role_id");
CREATE INDEX IF NOT EXISTS "cpm_team_6fa54945" ON "cpm_team" ("project_name_id");
CREATE INDEX IF NOT EXISTS "cpm_schedule_02c1725c" ON "cpm_schedule" ("assigned_to_id");
CREATE INDEX IF NOT EXISTS "cpm_schedule_6fa54945" ON "cpm_schedule" ("project_name_id");
CREATE INDEX IF NOT EXISTS "cpm_prototype_6fa54945" ON "cpm_prototype" ("project_name_id");
CREATE INDEX IF NOT EXISTS "cpm_schedulecomment_9bc70bb9" ON "cpm_schedulecomment" ("schedule_id");
CREATE INDEX IF NOT EXISTS "cpm_plan_6fa54945" ON "cpm_plan" ("project_name_id");
CREATE INDEX IF NOT EXISTS "cpm_materialcomment_eb4b9aaa" ON "cpm_materialcomment" ("material_id");
CREATE INDEX IF NOT EXISTS "cpm_trackinginfo_courier_id_id_250bdd28" ON "cpm_trackinginfo" ("courier_id_id");
CREATE INDEX IF NOT EXISTS "cpm_trackinginfo_material_id_789fe3e8" ON "cpm_trackinginfo" ("material_id");
CREATE INDEX IF NOT EXISTS "cpm_material_project_name_id_7a455a0b" ON "cpm_material" ("project_name_id");
CREATE INDEX IF NOT EXISTS "cpm_material_order_status_id_9626aa8a" ON "cpm_material" ("order_status_id");
CREATE INDEX IF NOT EXISTS "cpm_material_order_priority_id_7d2a64e8" ON "cpm_material" ("order_priority_id");
CREATE TABLE "auth_user_groups" ("id" integer NOT NULL PRIMARY KEY AUTOINCREMENT, "user_id" integer NOT NULL REFERENCES "auth_user" ("id"), "group_id" integer NOT NULL REFERENCES "auth_group" ("id"));
CREATE UNIQUE INDEX "auth_group_permissions_group_id_0cd325b0_uniq" ON "auth_group_permissions" ("group_id", "permission_id");
CREATE INDEX IF NOT EXISTS "auth_group_permissions_0e939a4f" ON "auth_group_permissions" ("group_id");
CREATE INDEX IF NOT EXISTS "auth_group_permissions_8373b171" ON "auth_group_permissions" ("permission_id");
CREATE UNIQUE INDEX "auth_user_groups_user_id_94350c0c_uniq" ON "auth_user_groups" ("user_id", "group_id");
CREATE INDEX IF NOT EXISTS "auth_user_groups_e8701ad4" ON "auth_user_groups" ("user_id");
CREATE INDEX IF NOT EXISTS "auth_user_groups_0e939a4f" ON "auth_user_groups" ("group_id");
CREATE UNIQUE INDEX "auth_user_user_permissions_user_id_14a6b632_uniq" ON "auth_user_user_permissions" ("user_id", "permission_id");
CREATE INDEX IF NOT EXISTS "auth_user_user_permissions_e8701ad4" ON "auth_user_user_permissions" ("user_id");
CREATE INDEX IF NOT EXISTS "auth_user_user_permissions_8373b171" ON "auth_user_user_permissions" ("permission_id");
CREATE INDEX IF NOT EXISTS "django_admin_log_417f1b1c" ON "django_admin_log" ("content_type_id");
CREATE INDEX IF NOT EXISTS "django_admin_log_e8701ad4" ON "django_admin_log" ("user_id");
CREATE UNIQUE INDEX "django_content_type_app_label_76bd3d3b_uniq" ON "django_content_type" ("app_label", "model");
CREATE UNIQUE INDEX "auth_permission_content_type_id_01ab375a_uniq" ON "auth_permission" ("content_type_id", "codename");
CREATE INDEX IF NOT EXISTS "auth_permission_417f1b1c" ON "auth_permission" ("content_type_id");
CREATE INDEX IF NOT EXISTS "django_session_de54fa62" ON "django_session" ("expire_date");
CREATE INDEX IF NOT EXISTS "cpm_stagesetting_6fa54945" ON "cpm_stagesetting" ("project_name_id");
CREATE INDEX IF NOT EXISTS "cpm_team_33fd710b" ON "cpm_team" ("member_role_id");
CREATE INDEX IF NOT EXISTS "cpm_team_6fa54945" ON "cpm_team" ("project_name_id");
CREATE INDEX IF NOT EXISTS "cpm_schedule_02c1725c" ON "cpm_schedule" ("assigned_to_id");
CREATE INDEX IF NOT EXISTS "cpm_schedule_6fa54945" ON "cpm_schedule" ("project_name_id");
CREATE INDEX IF NOT EXISTS "cpm_prototype_6fa54945" ON "cpm_prototype" ("project_name_id");
CREATE INDEX IF NOT EXISTS "cpm_schedulecomment_9bc70bb9" ON "cpm_schedulecomment" ("schedule_id");
CREATE INDEX IF NOT EXISTS "cpm_plan_6fa54945" ON "cpm_plan" ("project_name_id");
CREATE INDEX IF NOT EXISTS "cpm_materialcomment_eb4b9aaa" ON "cpm_materialcomment" ("material_id");
CREATE INDEX IF NOT EXISTS "cpm_trackinginfo_courier_id_id_250bdd28" ON "cpm_trackinginfo" ("courier_id_id");
CREATE INDEX IF NOT EXISTS "cpm_trackinginfo_material_id_789fe3e8" ON "cpm_trackinginfo" ("material_id");
CREATE INDEX IF NOT EXISTS "cpm_material_project_name_id_7a455a0b" ON "cpm_material" ("project_name_id");
CREATE INDEX IF NOT EXISTS "cpm_material_order_status_id_9626aa8a" ON "cpm_material" ("order_status_id");
CREATE INDEX IF NOT EXISTS "cpm_material_order_priority_id_7d2a64e8" ON "cpm_material" ("order_priority_id");
CREATE TABLE "auth_user_user_permissions" ("id" integer NOT NULL PRIMARY KEY AUTOINCREMENT, "user_id" integer NOT NULL REFERENCES "auth_user" ("id"), "permission_id" integer NOT NULL REFERENCES "auth_permission" ("id"));
CREATE UNIQUE INDEX "auth_group_permissions_group_id_0cd325b0_uniq" ON "auth_group_permissions" ("group_id", "permission_id");
CREATE INDEX IF NOT EXISTS "auth_group_permissions_0e939a4f" ON "auth_group_permissions" ("group_id");
CREATE INDEX IF NOT EXISTS "auth_group_permissions_8373b171" ON "auth_group_permissions" ("permission_id");
CREATE UNIQUE INDEX "auth_user_groups_user_id_94350c0c_uniq" ON "auth_user_groups" ("user_id", "group_id");
CREATE INDEX IF NOT EXISTS "auth_user_groups_e8701ad4" ON "auth_user_groups" ("user_id");
CREATE INDEX IF NOT EXISTS "auth_user_groups_0e939a4f" ON "auth_user_groups" ("group_id");
CREATE UNIQUE INDEX "auth_user_user_permissions_user_id_14a6b632_uniq" ON "auth_user_user_permissions" ("user_id", "permission_id");
CREATE INDEX IF NOT EXISTS "auth_user_user_permissions_e8701ad4" ON "auth_user_user_permissions" ("user_id");
CREATE INDEX IF NOT EXISTS "auth_user_user_permissions_8373b171" ON "auth_user_user_permissions" ("permission_id");
CREATE INDEX IF NOT EXISTS "django_admin_log_417f1b1c" ON "django_admin_log" ("content_type_id");
CREATE INDEX IF NOT EXISTS "django_admin_log_e8701ad4" ON "django_admin_log" ("user_id");
CREATE UNIQUE INDEX "django_content_type_app_label_76bd3d3b_uniq" ON "django_content_type" ("app_label", "model");
CREATE UNIQUE INDEX "auth_permission_content_type_id_01ab375a_uniq" ON "auth_permission" ("content_type_id", "codename");
CREATE INDEX IF NOT EXISTS "auth_permission_417f1b1c" ON "auth_permission" ("content_type_id");
CREATE INDEX IF NOT EXISTS "django_session_de54fa62" ON "django_session" ("expire_date");
CREATE INDEX IF NOT EXISTS "cpm_stagesetting_6fa54945" ON "cpm_stagesetting" ("project_name_id");
CREATE INDEX IF NOT EXISTS "cpm_team_33fd710b" ON "cpm_team" ("member_role_id");
CREATE INDEX IF NOT EXISTS "cpm_team_6fa54945" ON "cpm_team" ("project_name_id");
CREATE INDEX IF NOT EXISTS "cpm_schedule_02c1725c" ON "cpm_schedule" ("assigned_to_id");
CREATE INDEX IF NOT EXISTS "cpm_schedule_6fa54945" ON "cpm_schedule" ("project_name_id");
CREATE INDEX IF NOT EXISTS "cpm_prototype_6fa54945" ON "cpm_prototype" ("project_name_id");
CREATE INDEX IF NOT EXISTS "cpm_schedulecomment_9bc70bb9" ON "cpm_schedulecomment" ("schedule_id");
CREATE INDEX IF NOT EXISTS "cpm_plan_6fa54945" ON "cpm_plan" ("project_name_id");
CREATE INDEX IF NOT EXISTS "cpm_materialcomment_eb4b9aaa" ON "cpm_materialcomment" ("material_id");
CREATE INDEX IF NOT EXISTS "cpm_trackinginfo_courier_id_id_250bdd28" ON "cpm_trackinginfo" ("courier_id_id");
CREATE INDEX IF NOT EXISTS "cpm_trackinginfo_material_id_789fe3e8" ON "cpm_trackinginfo" ("material_id");
CREATE INDEX IF NOT EXISTS "cpm_material_project_name_id_7a455a0b" ON "cpm_material" ("project_name_id");
CREATE INDEX IF NOT EXISTS "cpm_material_order_status_id_9626aa8a" ON "cpm_material" ("order_status_id");
CREATE INDEX IF NOT EXISTS "cpm_material_order_priority_id_7d2a64e8" ON "cpm_material" ("order_priority_id");
CREATE TABLE "cpm_categorylist" ("id" integer NOT NULL PRIMARY KEY AUTOINCREMENT, "category" varchar(200) NOT NULL, "sub_category" varchar(200) NOT NULL);
INSERT INTO "cpm_categorylist" VALUES(7,'Chemical','PLA');
INSERT INTO "cpm_categorylist" VALUES(8,'Chemical','Solvent');
INSERT INTO "cpm_categorylist" VALUES(10,'Mechanical','Spare parts');
INSERT INTO "cpm_categorylist" VALUES(11,'Mechanical','Screw');
INSERT INTO "cpm_categorylist" VALUES(12,'Mechanical','Tools');
INSERT INTO "cpm_categorylist" VALUES(13,'new test','new test1');
INSERT INTO "cpm_categorylist" VALUES(14,'Mechanical','Solvent');
INSERT INTO "cpm_categorylist" VALUES(15,'new test','new test 2');
INSERT INTO "cpm_categorylist" VALUES(16,'new test','new test 3');
INSERT INTO "cpm_categorylist" VALUES(17,'Chemical','Gels');
INSERT INTO "cpm_categorylist" VALUES(18,'Electrical','Wires');
INSERT INTO "cpm_categorylist" VALUES(19,'Electrical','Tools');
INSERT INTO "cpm_categorylist" VALUES(24,'New cat','New sub cat 1');
INSERT INTO "cpm_categorylist" VALUES(25,'Mechanical','cladding///');
INSERT INTO "cpm_categorylist" VALUES(26,'Electrical','Tubes');
INSERT INTO "cpm_categorylist" VALUES(27,'Electrical','Meters');
INSERT INTO "cpm_categorylist" VALUES(28,'unknown','unknown');
INSERT INTO "cpm_categorylist" VALUES(29,'Everything Else','Other');
INSERT INTO "cpm_categorylist" VALUES(30,'Shoes & Handbags','Shoes');
INSERT INTO "cpm_categorylist" VALUES(31,'A','B');
INSERT INTO "cpm_categorylist" VALUES(32,'A',' B');
INSERT INTO "cpm_categorylist" VALUES(33,'V','  B');
CREATE UNIQUE INDEX "auth_group_permissions_group_id_0cd325b0_uniq" ON "auth_group_permissions" ("group_id", "permission_id");
CREATE INDEX IF NOT EXISTS "auth_group_permissions_0e939a4f" ON "auth_group_permissions" ("group_id");
CREATE INDEX IF NOT EXISTS "auth_group_permissions_8373b171" ON "auth_group_permissions" ("permission_id");
CREATE UNIQUE INDEX "auth_user_groups_user_id_94350c0c_uniq" ON "auth_user_groups" ("user_id", "group_id");
CREATE INDEX IF NOT EXISTS "auth_user_groups_e8701ad4" ON "auth_user_groups" ("user_id");
CREATE INDEX IF NOT EXISTS "auth_user_groups_0e939a4f" ON "auth_user_groups" ("group_id");
CREATE UNIQUE INDEX "auth_user_user_permissions_user_id_14a6b632_uniq" ON "auth_user_user_permissions" ("user_id", "permission_id");
CREATE INDEX IF NOT EXISTS "auth_user_user_permissions_e8701ad4" ON "auth_user_user_permissions" ("user_id");
CREATE INDEX IF NOT EXISTS "auth_user_user_permissions_8373b171" ON "auth_user_user_permissions" ("permission_id");
CREATE INDEX IF NOT EXISTS "django_admin_log_417f1b1c" ON "django_admin_log" ("content_type_id");
CREATE INDEX IF NOT EXISTS "django_admin_log_e8701ad4" ON "django_admin_log" ("user_id");
CREATE UNIQUE INDEX "django_content_type_app_label_76bd3d3b_uniq" ON "django_content_type" ("app_label", "model");
CREATE UNIQUE INDEX "auth_permission_content_type_id_01ab375a_uniq" ON "auth_permission" ("content_type_id", "codename");
CREATE INDEX IF NOT EXISTS "auth_permission_417f1b1c" ON "auth_permission" ("content_type_id");
CREATE INDEX IF NOT EXISTS "django_session_de54fa62" ON "django_session" ("expire_date");
CREATE INDEX IF NOT EXISTS "cpm_stagesetting_6fa54945" ON "cpm_stagesetting" ("project_name_id");
CREATE INDEX IF NOT EXISTS "cpm_team_33fd710b" ON "cpm_team" ("member_role_id");
CREATE INDEX IF NOT EXISTS "cpm_team_6fa54945" ON "cpm_team" ("project_name_id");
CREATE INDEX IF NOT EXISTS "cpm_schedule_02c1725c" ON "cpm_schedule" ("assigned_to_id");
CREATE INDEX IF NOT EXISTS "cpm_schedule_6fa54945" ON "cpm_schedule" ("project_name_id");
CREATE INDEX IF NOT EXISTS "cpm_prototype_6fa54945" ON "cpm_prototype" ("project_name_id");
CREATE INDEX IF NOT EXISTS "cpm_schedulecomment_9bc70bb9" ON "cpm_schedulecomment" ("schedule_id");
CREATE INDEX IF NOT EXISTS "cpm_plan_6fa54945" ON "cpm_plan" ("project_name_id");
CREATE INDEX IF NOT EXISTS "cpm_materialcomment_eb4b9aaa" ON "cpm_materialcomment" ("material_id");
CREATE INDEX IF NOT EXISTS "cpm_trackinginfo_courier_id_id_250bdd28" ON "cpm_trackinginfo" ("courier_id_id");
CREATE INDEX IF NOT EXISTS "cpm_trackinginfo_material_id_789fe3e8" ON "cpm_trackinginfo" ("material_id");
CREATE INDEX IF NOT EXISTS "cpm_material_project_name_id_7a455a0b" ON "cpm_material" ("project_name_id");
CREATE INDEX IF NOT EXISTS "cpm_material_order_status_id_9626aa8a" ON "cpm_material" ("order_status_id");
CREATE INDEX IF NOT EXISTS "cpm_material_order_priority_id_7d2a64e8" ON "cpm_material" ("order_priority_id");
CREATE TABLE "cpm_courier" ("id" integer NOT NULL PRIMARY KEY AUTOINCREMENT, "name" varchar(200) NOT NULL, "slug" varchar(200) NOT NULL);
INSERT INTO "cpm_courier" VALUES(400,'2GO','2go');
INSERT INTO "cpm_courier" VALUES(401,'360 Lion Express','360lion');
INSERT INTO "cpm_courier" VALUES(402,'4-72 Entregando','1972-04-01 00:00:00');
INSERT INTO "cpm_courier" VALUES(403,'4PX','4px');
INSERT INTO "cpm_courier" VALUES(404,'a j express','ajexpress');
INSERT INTO "cpm_courier" VALUES(405,'AB Custom Group','abcustom');
INSERT INTO "cpm_courier" VALUES(406,'ABF Freight','abf');
INSERT INTO "cpm_courier" VALUES(407,'ABX Express','abxexpress-my');
INSERT INTO "cpm_courier" VALUES(408,'aCommerce','acommerce');
INSERT INTO "cpm_courier" VALUES(409,'ACS Courier','acscourier');
INSERT INTO "cpm_courier" VALUES(410,'Adicional Logistics','adicional');
INSERT INTO "cpm_courier" VALUES(411,'ADSOne','adsone');
INSERT INTO "cpm_courier" VALUES(412,'AIR21','air21');
INSERT INTO "cpm_courier" VALUES(413,'Airpak Express','airpak-express');
INSERT INTO "cpm_courier" VALUES(414,'Airspeed International Corporation','airspeed');
INSERT INTO "cpm_courier" VALUES(415,'Allied Express','alliedexpress');
INSERT INTO "cpm_courier" VALUES(416,'alphaFAST','alphafast');
INSERT INTO "cpm_courier" VALUES(417,'An Post','an-post');
INSERT INTO "cpm_courier" VALUES(418,'Česká Pošta','ceska-posta');
INSERT INTO "cpm_courier" VALUES(419,'APC Postal Logistics','apc');
INSERT INTO "cpm_courier" VALUES(420,'Aramex','aramex');
INSERT INTO "cpm_courier" VALUES(421,'Arrow XL','arrowxl');
INSERT INTO "cpm_courier" VALUES(422,'Asendia Germany','asendia-de');
INSERT INTO "cpm_courier" VALUES(423,'Asendia HK','asendia-hk');
INSERT INTO "cpm_courier" VALUES(424,'Asendia HK – Premium Service (LATAM)','skypostal');
INSERT INTO "cpm_courier" VALUES(425,'Asendia UK','asendia-uk');
INSERT INTO "cpm_courier" VALUES(426,'Asendia USA','asendia-usa');
INSERT INTO "cpm_courier" VALUES(427,'ASM','asm');
INSERT INTO "cpm_courier" VALUES(428,'AuPost China','aupost-china');
INSERT INTO "cpm_courier" VALUES(429,'Australia Post','australia-post');
INSERT INTO "cpm_courier" VALUES(430,'Austrian Post (Express)','austrian-post');
INSERT INTO "cpm_courier" VALUES(431,'Austrian Post (Registered)','austrian-post-registered');
INSERT INTO "cpm_courier" VALUES(432,'AXL Express & Logistics','axl');
INSERT INTO "cpm_courier" VALUES(433,'B2C Europe','b2ceurope');
INSERT INTO "cpm_courier" VALUES(434,'Belpost','belpost');
INSERT INTO "cpm_courier" VALUES(435,'Bert Transport','bert-fr');
INSERT INTO "cpm_courier" VALUES(436,'Best Express','800bestex');
INSERT INTO "cpm_courier" VALUES(437,'Bluedart','bluedart');
INSERT INTO "cpm_courier" VALUES(438,'Bonds Couriers','bondscouriers');
INSERT INTO "cpm_courier" VALUES(439,'BOXC','boxc');
INSERT INTO "cpm_courier" VALUES(440,'Bpost','bpost');
INSERT INTO "cpm_courier" VALUES(441,'Bpost international','bpost-international');
INSERT INTO "cpm_courier" VALUES(442,'Brazil Correios','brazil-correios');
INSERT INTO "cpm_courier" VALUES(443,'BRT Bartolini','brt-it');
INSERT INTO "cpm_courier" VALUES(444,'BRT Bartolini(Parcel ID)','brt-it-parcelid');
INSERT INTO "cpm_courier" VALUES(445,'Bulgarian Posts','bgpost');
INSERT INTO "cpm_courier" VALUES(446,'Buylogic','buylogic');
INSERT INTO "cpm_courier" VALUES(447,'Cambodia Post','cambodia-post');
INSERT INTO "cpm_courier" VALUES(448,'Canada Post','canada-post');
INSERT INTO "cpm_courier" VALUES(449,'Canpar Courier','canpar');
INSERT INTO "cpm_courier" VALUES(450,'CBL Logistics','cbl-logistica');
INSERT INTO "cpm_courier" VALUES(451,'China EMS','china-ems');
INSERT INTO "cpm_courier" VALUES(452,'China Post','china-post');
INSERT INTO "cpm_courier" VALUES(453,'Chronopost France','chronopost-france');
INSERT INTO "cpm_courier" VALUES(454,'Chronopost Portugal','chronopost-portugal');
INSERT INTO "cpm_courier" VALUES(455,'City-Link Express','citylinkexpress');
INSERT INTO "cpm_courier" VALUES(456,'CJ GLS','cj-gls');
INSERT INTO "cpm_courier" VALUES(457,'CJ Korea Express (Thailand)','cj-korea-thai');
INSERT INTO "cpm_courier" VALUES(458,'CNE Express','cnexps');
INSERT INTO "cpm_courier" VALUES(459,'Colis Privé','colis-prive');
INSERT INTO "cpm_courier" VALUES(460,'Colissimo','colissimo');
INSERT INTO "cpm_courier" VALUES(461,'Collect+','collectplus');
INSERT INTO "cpm_courier" VALUES(462,'Con-way Freight','con-way');
INSERT INTO "cpm_courier" VALUES(463,'Copa Airlines Courier','copa-courier');
INSERT INTO "cpm_courier" VALUES(464,'Correo Argentino','correo-argentino');
INSERT INTO "cpm_courier" VALUES(465,'Correos Chile','correos-chile');
INSERT INTO "cpm_courier" VALUES(466,'Correos de Costa Rica','correos-de-costa-rica');
INSERT INTO "cpm_courier" VALUES(467,'Correos de España','spain-correos-es');
INSERT INTO "cpm_courier" VALUES(468,'Correos de Mexico','correos-de-mexico');
INSERT INTO "cpm_courier" VALUES(469,'Correos Express','correosexpress');
INSERT INTO "cpm_courier" VALUES(470,'Cosmetics Now','costmeticsnow');
INSERT INTO "cpm_courier" VALUES(471,'Courex','courex');
INSERT INTO "cpm_courier" VALUES(472,'Courier IT','courierit');
INSERT INTO "cpm_courier" VALUES(473,'Courier Name','Courier Slug');
INSERT INTO "cpm_courier" VALUES(474,'Courier Plus','courier-plus');
INSERT INTO "cpm_courier" VALUES(475,'CourierPost','courierpost');
INSERT INTO "cpm_courier" VALUES(476,'Couriers Please','couriers-please');
INSERT INTO "cpm_courier" VALUES(477,'cPacket','cpacket');
INSERT INTO "cpm_courier" VALUES(478,'Cuckoo Express','cuckooexpress');
INSERT INTO "cpm_courier" VALUES(479,'Cyprus Post','cyprus-post');
INSERT INTO "cpm_courier" VALUES(480,'Dawn Wing','dawnwing');
INSERT INTO "cpm_courier" VALUES(481,'DB Schenker','dbschenker-se');
INSERT INTO "cpm_courier" VALUES(482,'Delcart','delcart-in');
INSERT INTO "cpm_courier" VALUES(483,'Delhivery','delhivery');
INSERT INTO "cpm_courier" VALUES(484,'Deltec Courier','deltec-courier');
INSERT INTO "cpm_courier" VALUES(485,'Detrack','detrack');
INSERT INTO "cpm_courier" VALUES(486,'Deutsche Post DHL','dhl-germany');
INSERT INTO "cpm_courier" VALUES(487,'Deutsche Post Mail','deutsch-post');
INSERT INTO "cpm_courier" VALUES(488,'DEX-I','dex-i');
INSERT INTO "cpm_courier" VALUES(489,'DHL 2-Mann-Handling','dhl-deliverit');
INSERT INTO "cpm_courier" VALUES(490,'DHL Active Tracing','dhl-active-tracing');
INSERT INTO "cpm_courier" VALUES(491,'DHL Benelux','dhl-benelux');
INSERT INTO "cpm_courier" VALUES(492,'DHL eCommerce','dhl-global-mail');
INSERT INTO "cpm_courier" VALUES(493,'DHL Express','dhl');
INSERT INTO "cpm_courier" VALUES(494,'DHL Express (Piece ID)','dhl-pieceid');
INSERT INTO "cpm_courier" VALUES(495,'DHL Global Forwarding','dhl-global-forwarding');
INSERT INTO "cpm_courier" VALUES(496,'DHL Global Mail Asia','dhl-global-mail-asia');
INSERT INTO "cpm_courier" VALUES(497,'DHL Hong Kong','dhl-hk');
INSERT INTO "cpm_courier" VALUES(498,'DHL Netherlands','dhl-nl');
INSERT INTO "cpm_courier" VALUES(499,'DHL Parcel NL','dhlparcel-nl');
INSERT INTO "cpm_courier" VALUES(500,'DHL Poland Domestic','dhl-poland');
INSERT INTO "cpm_courier" VALUES(501,'DHL Spain Domestic','dhl-es');
INSERT INTO "cpm_courier" VALUES(502,'Direct Freight Express','directfreight-au');
INSERT INTO "cpm_courier" VALUES(503,'Direct Link','directlink');
INSERT INTO "cpm_courier" VALUES(504,'Directlog','directlog');
INSERT INTO "cpm_courier" VALUES(505,'DMM Network','dmm-network');
INSERT INTO "cpm_courier" VALUES(506,'Dotzot','dotzot');
INSERT INTO "cpm_courier" VALUES(507,'DPD','dpd');
INSERT INTO "cpm_courier" VALUES(508,'DPD France','exapaq');
INSERT INTO "cpm_courier" VALUES(509,'DPD Germany','dpd-de');
INSERT INTO "cpm_courier" VALUES(510,'DPD Ireland','dpd-ireland');
INSERT INTO "cpm_courier" VALUES(511,'DPD Local','interlink-express');
INSERT INTO "cpm_courier" VALUES(512,'DPD Local reference','interlink-express-reference');
INSERT INTO "cpm_courier" VALUES(513,'DPD Poland','dpd-poland');
INSERT INTO "cpm_courier" VALUES(514,'DPD UK','dpd-uk');
INSERT INTO "cpm_courier" VALUES(515,'DPE Express','dpe-express');
INSERT INTO "cpm_courier" VALUES(516,'DPE South Africa','dpe-za');
INSERT INTO "cpm_courier" VALUES(517,'DPEX','dpex');
INSERT INTO "cpm_courier" VALUES(518,'DPEX China','szdpex');
INSERT INTO "cpm_courier" VALUES(519,'DSV','dsv');
INSERT INTO "cpm_courier" VALUES(520,'DTDC Australia','dtdc-au');
INSERT INTO "cpm_courier" VALUES(521,'DTDC India','dtdc');
INSERT INTO "cpm_courier" VALUES(522,'Dynamic Logistics','dynamic-logistics');
INSERT INTO "cpm_courier" VALUES(523,'Easy Mail','easy-mail');
INSERT INTO "cpm_courier" VALUES(524,'Ecargo','ecargo-asia');
INSERT INTO "cpm_courier" VALUES(525,'EC-Firstclass','ec-firstclass');
INSERT INTO "cpm_courier" VALUES(526,'Echo','echo');
INSERT INTO "cpm_courier" VALUES(527,'Ecom Express','ecom-express');
INSERT INTO "cpm_courier" VALUES(528,'Ekart','ekart');
INSERT INTO "cpm_courier" VALUES(529,'ELTA Hellenic Post','elta-courier');
INSERT INTO "cpm_courier" VALUES(530,'Emirates Post','emirates-post');
INSERT INTO "cpm_courier" VALUES(531,'EMPS Express','empsexpress');
INSERT INTO "cpm_courier" VALUES(532,'Ensenda','ensenda');
INSERT INTO "cpm_courier" VALUES(533,'Envialia','envialia');
INSERT INTO "cpm_courier" VALUES(534,'eParcel Korea','eparcel-kr');
INSERT INTO "cpm_courier" VALUES(535,'Equick China','equick-cn');
INSERT INTO "cpm_courier" VALUES(536,'Estafeta','estafeta');
INSERT INTO "cpm_courier" VALUES(537,'Estes','estes');
INSERT INTO "cpm_courier" VALUES(538,'Eurodis','eurodis');
INSERT INTO "cpm_courier" VALUES(539,'Expeditors','expeditors');
INSERT INTO "cpm_courier" VALUES(540,'Fastrak Services','fastrak-th');
INSERT INTO "cpm_courier" VALUES(541,'Fastway Australia','fastway-au');
INSERT INTO "cpm_courier" VALUES(542,'Fastway Ireland','fastway-ireland');
INSERT INTO "cpm_courier" VALUES(543,'Fastway New Zealand','fastway-nz');
INSERT INTO "cpm_courier" VALUES(544,'Fastway South Africa','fastway-za');
INSERT INTO "cpm_courier" VALUES(545,'FedEx','fedex');
INSERT INTO "cpm_courier" VALUES(546,'FedEx Freight','fedex-freight');
INSERT INTO "cpm_courier" VALUES(547,'FedEx Poland Domestic','opek');
INSERT INTO "cpm_courier" VALUES(548,'FedEx UK','fedex-uk');
INSERT INTO "cpm_courier" VALUES(549,'FERCAM Logistics & Transport','fercam');
INSERT INTO "cpm_courier" VALUES(550,'First Flight Couriers','first-flight');
INSERT INTO "cpm_courier" VALUES(551,'First Logistics','first-logistics');
INSERT INTO "cpm_courier" VALUES(552,'Flyt Express','flytexpress');
INSERT INTO "cpm_courier" VALUES(553,'Gati-KWE','gati-kwe');
INSERT INTO "cpm_courier" VALUES(554,'GDEX','gdex');
INSERT INTO "cpm_courier" VALUES(555,'Geniki Taxydromiki','taxydromiki');
INSERT INTO "cpm_courier" VALUES(556,'GEODIS - Distribution & Express','geodis-calberson-fr');
INSERT INTO "cpm_courier" VALUES(557,'Geodis E-space','geodis-espace');
INSERT INTO "cpm_courier" VALUES(558,'Giao hàng nhanh','ghn');
INSERT INTO "cpm_courier" VALUES(559,'Globegistics Inc.','globegistics');
INSERT INTO "cpm_courier" VALUES(560,'GLS','gls');
INSERT INTO "cpm_courier" VALUES(561,'GLS Italy','gls-italy');
INSERT INTO "cpm_courier" VALUES(562,'GLS Netherlands','gls-netherlands');
INSERT INTO "cpm_courier" VALUES(563,'GoFly','gofly');
INSERT INTO "cpm_courier" VALUES(564,'GoJavas','gojavas');
INSERT INTO "cpm_courier" VALUES(565,'Greyhound','greyhound');
INSERT INTO "cpm_courier" VALUES(566,'Hermes Germany','hermes-de');
INSERT INTO "cpm_courier" VALUES(567,'Hermes Italy','hermes-it');
INSERT INTO "cpm_courier" VALUES(568,'Hermesworld','hermes');
INSERT INTO "cpm_courier" VALUES(569,'Holisol','holisol');
INSERT INTO "cpm_courier" VALUES(570,'Homedirect Logistics','homedirect-logistics');
INSERT INTO "cpm_courier" VALUES(571,'Hong Kong Post','hong-kong-post');
INSERT INTO "cpm_courier" VALUES(572,'Hrvatska Pošta','hrvatska-posta');
INSERT INTO "cpm_courier" VALUES(573,'Hua Han Logistics','hh-exp');
INSERT INTO "cpm_courier" VALUES(574,'Hunter Express','hunter-express');
INSERT INTO "cpm_courier" VALUES(575,'Iceland Post','postur-is');
INSERT INTO "cpm_courier" VALUES(576,'IDEX','idexpress');
INSERT INTO "cpm_courier" VALUES(577,'IMEX Global Solutions','imexglobalsolutions');
INSERT INTO "cpm_courier" VALUES(578,'IMX Mail','imxmail');
INSERT INTO "cpm_courier" VALUES(579,'India Post Domestic','india-post');
INSERT INTO "cpm_courier" VALUES(580,'India Post International','india-post-int');
INSERT INTO "cpm_courier" VALUES(581,'InPost Paczkomaty','inpost-paczkomaty');
INSERT INTO "cpm_courier" VALUES(582,'International Seur','international-seur');
INSERT INTO "cpm_courier" VALUES(583,'i-parcel','i-parcel');
INSERT INTO "cpm_courier" VALUES(584,'Israel Post','israel-post');
INSERT INTO "cpm_courier" VALUES(585,'Israel Post Domestic','israel-post-domestic');
INSERT INTO "cpm_courier" VALUES(586,'Italy SDA','italy-sda');
INSERT INTO "cpm_courier" VALUES(587,'ITIS International','itis');
INSERT INTO "cpm_courier" VALUES(588,'Jam Express','jam-express');
INSERT INTO "cpm_courier" VALUES(589,'Japan Post','japan-post');
INSERT INTO "cpm_courier" VALUES(590,'Jayon Express (JEX)','jayonexpress');
INSERT INTO "cpm_courier" VALUES(591,'JCEX','jcex');
INSERT INTO "cpm_courier" VALUES(592,'Jersey Post','jersey-post');
INSERT INTO "cpm_courier" VALUES(593,'Jet-Ship Worldwide','jet-ship');
INSERT INTO "cpm_courier" VALUES(594,'JNE','jne');
INSERT INTO "cpm_courier" VALUES(595,'Jocom','jocom');
INSERT INTO "cpm_courier" VALUES(596,'JP BH Pošta','bh-posta');
INSERT INTO "cpm_courier" VALUES(597,'Kangaroo Worldwide Express','kangaroo-my');
INSERT INTO "cpm_courier" VALUES(598,'Kerry Express Hong Kong','tgx');
INSERT INTO "cpm_courier" VALUES(599,'Kerry Express Thailand','kerry-logistics');
INSERT INTO "cpm_courier" VALUES(600,'Kerry TTC Express','kerryttc-vn');
INSERT INTO "cpm_courier" VALUES(601,'KGM Hub','kgmhub');
INSERT INTO "cpm_courier" VALUES(602,'Kiala','kiala');
INSERT INTO "cpm_courier" VALUES(603,'Korea Post','korea-post');
INSERT INTO "cpm_courier" VALUES(604,'Kuehne + Nagel','kn');
INSERT INTO "cpm_courier" VALUES(605,'La Poste','la-poste-colissimo');
INSERT INTO "cpm_courier" VALUES(606,'Landmark Global','landmark-global');
INSERT INTO "cpm_courier" VALUES(607,'Lao Post','lao-post');
INSERT INTO "cpm_courier" VALUES(608,'LaserShip','lasership');
INSERT INTO "cpm_courier" VALUES(609,'LBC Express','lbcexpress');
INSERT INTO "cpm_courier" VALUES(610,'Lietuvos Paštas','lietuvos-pastas');
INSERT INTO "cpm_courier" VALUES(611,'Lion Parcel','lion-parcel');
INSERT INTO "cpm_courier" VALUES(612,'Logistic Worldwide Express','lwe-hk');
INSERT INTO "cpm_courier" VALUES(613,'Logwin Logistics','logwin-logistics');
INSERT INTO "cpm_courier" VALUES(614,'Magyar Posta','magyar-posta');
INSERT INTO "cpm_courier" VALUES(615,'MailAmericas','mailamericas');
INSERT INTO "cpm_courier" VALUES(616,'Malaysia Post - Registered','malaysia-post-posdaftar');
INSERT INTO "cpm_courier" VALUES(617,'Malaysia Post EMS / Pos Laju','malaysia-post');
INSERT INTO "cpm_courier" VALUES(618,'Mara Xpress','mara-xpress');
INSERT INTO "cpm_courier" VALUES(619,'Matdespatch','matdespatch');
INSERT INTO "cpm_courier" VALUES(620,'Matkahuolto','matkahuolto');
INSERT INTO "cpm_courier" VALUES(621,'Maxcellents Pte Ltd','maxcellents');
INSERT INTO "cpm_courier" VALUES(622,'Mexico AeroFlash','aeroflash');
INSERT INTO "cpm_courier" VALUES(623,'Mexico Redpack','mexico-redpack');
INSERT INTO "cpm_courier" VALUES(624,'Mexico Senda Express','mexico-senda-express');
INSERT INTO "cpm_courier" VALUES(625,'Mikropakket','mikropakket');
INSERT INTO "cpm_courier" VALUES(626,'Mondial Relay','mondialrelay');
INSERT INTO "cpm_courier" VALUES(627,'MRW','mrw-spain');
INSERT INTO "cpm_courier" VALUES(628,'myHermes UK','myhermes-uk');
INSERT INTO "cpm_courier" VALUES(629,'Mypostonline','mypostonline');
INSERT INTO "cpm_courier" VALUES(630,'NACEX Spain','nacex-spain');
INSERT INTO "cpm_courier" VALUES(631,'Nanjing Woyuan','nanjingwoyuan');
INSERT INTO "cpm_courier" VALUES(632,'Nationwide Express','nationwide-my');
INSERT INTO "cpm_courier" VALUES(633,'New Zealand Post','new-zealand-post');
INSERT INTO "cpm_courier" VALUES(634,'Newgistics','newgistics');
INSERT INTO "cpm_courier" VALUES(635,'Nexive (TNT Post Italy)','tntpost-it');
INSERT INTO "cpm_courier" VALUES(636,'Nhans Solutions','nhans-solutions');
INSERT INTO "cpm_courier" VALUES(637,'Nightline','nightline');
INSERT INTO "cpm_courier" VALUES(638,'Ninja Van','ninjavan');
INSERT INTO "cpm_courier" VALUES(639,'Ninja Van Indonesia','ninjavan-id');
INSERT INTO "cpm_courier" VALUES(640,'Ninja Van Malaysia','ninjavan-my');
INSERT INTO "cpm_courier" VALUES(641,'Ninja Van Thailand','ninjavan-thai');
INSERT INTO "cpm_courier" VALUES(642,'NiPost','nipost');
INSERT INTO "cpm_courier" VALUES(643,'Norsk Global','norsk-global');
INSERT INTO "cpm_courier" VALUES(644,'Nova Poshta','nova-poshta');
INSERT INTO "cpm_courier" VALUES(645,'NuvoEx','nuvoex');
INSERT INTO "cpm_courier" VALUES(646,'OCA Argentina','oca-ar');
INSERT INTO "cpm_courier" VALUES(647,'Old Dominion Freight Line','old-dominion');
INSERT INTO "cpm_courier" VALUES(648,'Omni Parcel','omniparcel');
INSERT INTO "cpm_courier" VALUES(649,'One World Express','oneworldexpress');
INSERT INTO "cpm_courier" VALUES(650,'OnTrac','ontrac');
INSERT INTO "cpm_courier" VALUES(651,'Packlink','packlink');
INSERT INTO "cpm_courier" VALUES(652,'Pandu Logistics','pandulogistics');
INSERT INTO "cpm_courier" VALUES(653,'Panther','panther');
INSERT INTO "cpm_courier" VALUES(654,'Panther Reference','panther-reference');
INSERT INTO "cpm_courier" VALUES(655,'Parcel Express','parcel-express');
INSERT INTO "cpm_courier" VALUES(656,'Parcel Force','parcel-force');
INSERT INTO "cpm_courier" VALUES(657,'Parcel Post Singapore','parcelpost-sg');
INSERT INTO "cpm_courier" VALUES(658,'Parcelled.in','parcelled-in');
INSERT INTO "cpm_courier" VALUES(659,'PayPal Package','ppbyb');
INSERT INTO "cpm_courier" VALUES(660,'PFC Express','pfcexpress');
INSERT INTO "cpm_courier" VALUES(661,'Poczta Polska','poczta-polska');
INSERT INTO "cpm_courier" VALUES(662,'Poșta Română','posta-romana');
INSERT INTO "cpm_courier" VALUES(663,'Portugal CTT','portugal-ctt');
INSERT INTO "cpm_courier" VALUES(664,'Portugal Seur','portugal-seur');
INSERT INTO "cpm_courier" VALUES(665,'Pos Indonesia Domestic','pos-indonesia');
INSERT INTO "cpm_courier" VALUES(666,'Pos Indonesia Int''l','pos-indonesia-int');
INSERT INTO "cpm_courier" VALUES(667,'Post Serbia','post-serbia');
INSERT INTO "cpm_courier" VALUES(668,'Post56','post56');
INSERT INTO "cpm_courier" VALUES(669,'Poste Italiane','poste-italiane');
INSERT INTO "cpm_courier" VALUES(670,'Poste Italiane Paccocelere','poste-italiane-paccocelere');
INSERT INTO "cpm_courier" VALUES(671,'Posten Norge / Bring','posten-norge');
INSERT INTO "cpm_courier" VALUES(672,'Posti','posti');
INSERT INTO "cpm_courier" VALUES(673,'PostNL Domestic','postnl');
INSERT INTO "cpm_courier" VALUES(674,'PostNL International','postnl-international');
INSERT INTO "cpm_courier" VALUES(675,'PostNL International 3S','postnl-3s');
INSERT INTO "cpm_courier" VALUES(676,'PostNord Denmark','danmark-post');
INSERT INTO "cpm_courier" VALUES(677,'PostNord Logistics','postnord');
INSERT INTO "cpm_courier" VALUES(678,'PostNord Sweden','sweden-posten');
INSERT INTO "cpm_courier" VALUES(679,'Professional Couriers','professional-couriers');
INSERT INTO "cpm_courier" VALUES(680,'PTT Posta','ptt-posta');
INSERT INTO "cpm_courier" VALUES(681,'Purolator','purolator');
INSERT INTO "cpm_courier" VALUES(682,'Quantium','quantium');
INSERT INTO "cpm_courier" VALUES(683,'Qxpress','qxpress');
INSERT INTO "cpm_courier" VALUES(684,'Raben Group','raben-group');
INSERT INTO "cpm_courier" VALUES(685,'RAF Philippines','raf');
INSERT INTO "cpm_courier" VALUES(686,'RaidereX','raiderex');
INSERT INTO "cpm_courier" VALUES(687,'RAM','ramgroup-za');
INSERT INTO "cpm_courier" VALUES(688,'Red Express','red-express');
INSERT INTO "cpm_courier" VALUES(689,'Red Express Waybill','red-express-wb');
INSERT INTO "cpm_courier" VALUES(690,'Redur Spain','redur-es');
INSERT INTO "cpm_courier" VALUES(691,'Rincos','rincos');
INSERT INTO "cpm_courier" VALUES(692,'RL Carriers','rl-carriers');
INSERT INTO "cpm_courier" VALUES(693,'Roadbull Logistics','roadbull');
INSERT INTO "cpm_courier" VALUES(694,'Rocket Parcel International','rocketparcel');
INSERT INTO "cpm_courier" VALUES(695,'Royal Mail','royal-mail');
INSERT INTO "cpm_courier" VALUES(696,'RPD2man Deliveries','rpd2man');
INSERT INTO "cpm_courier" VALUES(697,'RPX Indonesia','rpx');
INSERT INTO "cpm_courier" VALUES(698,'RPX Online','rpxonline');
INSERT INTO "cpm_courier" VALUES(699,'RR Donnelley','rrdonnelley');
INSERT INTO "cpm_courier" VALUES(700,'Russian Post','russian-post');
INSERT INTO "cpm_courier" VALUES(701,'Ruston','ruston');
INSERT INTO "cpm_courier" VALUES(702,'RZY Express','rzyexpress');
INSERT INTO "cpm_courier" VALUES(703,'S.F International','sfb2c');
INSERT INTO "cpm_courier" VALUES(704,'S.F. Express','sf-express');
INSERT INTO "cpm_courier" VALUES(705,'Safexpress','safexpress');
INSERT INTO "cpm_courier" VALUES(706,'Sagawa','sagawa');
INSERT INTO "cpm_courier" VALUES(707,'Saudi Post','saudi-post');
INSERT INTO "cpm_courier" VALUES(708,'Scudex Express','scudex-express');
INSERT INTO "cpm_courier" VALUES(709,'SEKO Logistics','sekologistics');
INSERT INTO "cpm_courier" VALUES(710,'Sendit','sendit');
INSERT INTO "cpm_courier" VALUES(711,'Sendle','sendle');
INSERT INTO "cpm_courier" VALUES(712,'SFC Service','sfcservice');
INSERT INTO "cpm_courier" VALUES(713,'SGT Corriere Espresso','sgt-it');
INSERT INTO "cpm_courier" VALUES(714,'SimplyPost','simplypost');
INSERT INTO "cpm_courier" VALUES(715,'Singapore Post','singapore-post');
INSERT INTO "cpm_courier" VALUES(716,'Singapore Speedpost','singapore-speedpost');
INSERT INTO "cpm_courier" VALUES(717,'Siodemka','siodemka');
INSERT INTO "cpm_courier" VALUES(718,'SkyNet Malaysia','skynet');
INSERT INTO "cpm_courier" VALUES(719,'SkyNet Worldwide Express','skynetworldwide');
INSERT INTO "cpm_courier" VALUES(720,'Skynet Worldwide Express UK','skynetworldwide-uk');
INSERT INTO "cpm_courier" VALUES(721,'SMSA Express','smsa-express');
INSERT INTO "cpm_courier" VALUES(722,'South African Post Office','sapo');
INSERT INTO "cpm_courier" VALUES(723,'Spanish Seur','spanish-seur');
INSERT INTO "cpm_courier" VALUES(724,'Specialised Freight','specialisedfreight-za');
INSERT INTO "cpm_courier" VALUES(725,'Speed Couriers','speedcouriers-gr');
INSERT INTO "cpm_courier" VALUES(726,'Speedex Courier','speedexcourier');
INSERT INTO "cpm_courier" VALUES(727,'Spreadel','spreadel');
INSERT INTO "cpm_courier" VALUES(728,'SRE Korea','srekorea');
INSERT INTO "cpm_courier" VALUES(729,'Star Track Express','star-track-express');
INSERT INTO "cpm_courier" VALUES(730,'StarTrack','star-track');
INSERT INTO "cpm_courier" VALUES(731,'STO Express','sto');
INSERT INTO "cpm_courier" VALUES(732,'Swiss Post','swiss-post');
INSERT INTO "cpm_courier" VALUES(733,'Taiwan Post','taiwan-post');
INSERT INTO "cpm_courier" VALUES(734,'TAQBIN Hong Kong','taqbin-hk');
INSERT INTO "cpm_courier" VALUES(735,'TAQBIN Malaysia','taqbin-my');
INSERT INTO "cpm_courier" VALUES(736,'TAQBIN Singapore','taqbin-sg');
INSERT INTO "cpm_courier" VALUES(737,'Teliway SIC Express','sic-teliway');
INSERT INTO "cpm_courier" VALUES(738,'Thailand Thai Post','thailand-post');
INSERT INTO "cpm_courier" VALUES(739,'The Courier Guy','thecourierguy');
INSERT INTO "cpm_courier" VALUES(740,'Tiki','tiki');
INSERT INTO "cpm_courier" VALUES(741,'TIPSA','tipsa');
INSERT INTO "cpm_courier" VALUES(742,'TNT','tnt');
INSERT INTO "cpm_courier" VALUES(743,'TNT Australia','tnt-au');
INSERT INTO "cpm_courier" VALUES(744,'TNT France','tnt-fr');
INSERT INTO "cpm_courier" VALUES(745,'TNT Italy','tnt-it');
INSERT INTO "cpm_courier" VALUES(746,'TNT Reference','tnt-reference');
INSERT INTO "cpm_courier" VALUES(747,'TNT UK','tnt-uk');
INSERT INTO "cpm_courier" VALUES(748,'TNT UK Reference','tnt-uk-reference');
INSERT INTO "cpm_courier" VALUES(749,'TNT-Click Italy','tnt-click');
INSERT INTO "cpm_courier" VALUES(750,'Toll IPEC','toll-ipec');
INSERT INTO "cpm_courier" VALUES(751,'Toll Priority','toll-priority');
INSERT INTO "cpm_courier" VALUES(752,'TrakPak','trakpak');
INSERT INTO "cpm_courier" VALUES(753,'TransMission','transmission-nl');
INSERT INTO "cpm_courier" VALUES(754,'Tuffnells Parcels Express','tuffnells');
INSERT INTO "cpm_courier" VALUES(755,'UBI Logistics Australia','ubi-logistics');
INSERT INTO "cpm_courier" VALUES(756,'UK Mail','uk-mail');
INSERT INTO "cpm_courier" VALUES(757,'UkrPoshta','ukrposhta');
INSERT INTO "cpm_courier" VALUES(758,'USPS','usps');
INSERT INTO "cpm_courier" VALUES(759,'VicTas Freight Express','vtfe');
INSERT INTO "cpm_courier" VALUES(760,'Vietnam Post','vnpost');
INSERT INTO "cpm_courier" VALUES(761,'Vietnam Post EMS','vnpost-ems');
INSERT INTO "cpm_courier" VALUES(762,'ViettelPost','viettelpost');
INSERT INTO "cpm_courier" VALUES(763,'Wahana','wahana');
INSERT INTO "cpm_courier" VALUES(764,'WanbExpress','wanbexpress');
INSERT INTO "cpm_courier" VALUES(765,'WeDo Logistics','wedo');
INSERT INTO "cpm_courier" VALUES(766,'Whistl','whistl');
INSERT INTO "cpm_courier" VALUES(767,'Wise Express','wise-express');
INSERT INTO "cpm_courier" VALUES(768,'Wiseloads','wiseloads');
INSERT INTO "cpm_courier" VALUES(769,'WishPost','wishpost');
INSERT INTO "cpm_courier" VALUES(770,'wnDirect','wndirect');
INSERT INTO "cpm_courier" VALUES(771,'XDP Express','xdp-uk');
INSERT INTO "cpm_courier" VALUES(772,'XDP Express Reference','xdp-uk-reference');
INSERT INTO "cpm_courier" VALUES(773,'Xend Express','xend');
INSERT INTO "cpm_courier" VALUES(774,'XL Express','xl-express');
INSERT INTO "cpm_courier" VALUES(775,'XpressBees','xpressbees');
INSERT INTO "cpm_courier" VALUES(776,'XQ Express','xq-express');
INSERT INTO "cpm_courier" VALUES(777,'Yakit','yakit');
INSERT INTO "cpm_courier" VALUES(778,'Yamato Japan','taqbin-jp');
INSERT INTO "cpm_courier" VALUES(779,'Yanwen','yanwen');
INSERT INTO "cpm_courier" VALUES(780,'Yodel Domestic','yodel');
INSERT INTO "cpm_courier" VALUES(781,'Yodel International','yodel-international');
INSERT INTO "cpm_courier" VALUES(782,'YRC','yrc');
INSERT INTO "cpm_courier" VALUES(783,'YTO Express','yto');
INSERT INTO "cpm_courier" VALUES(784,'Yun Express','yunexpress');
INSERT INTO "cpm_courier" VALUES(785,'Yunda Express','yundaex');
INSERT INTO "cpm_courier" VALUES(786,'Zalora 7-Eleven','zalora-7-eleven');
INSERT INTO "cpm_courier" VALUES(787,'ZJS International','zjs-express');
INSERT INTO "cpm_courier" VALUES(788,'Zyllem','zyllem');
INSERT INTO "cpm_courier" VALUES(789,'17 Post Service','17postservice');
CREATE UNIQUE INDEX "auth_group_permissions_group_id_0cd325b0_uniq" ON "auth_group_permissions" ("group_id", "permission_id");
CREATE INDEX IF NOT EXISTS "auth_group_permissions_0e939a4f" ON "auth_group_permissions" ("group_id");
CREATE INDEX IF NOT EXISTS "auth_group_permissions_8373b171" ON "auth_group_permissions" ("permission_id");
CREATE UNIQUE INDEX "auth_user_groups_user_id_94350c0c_uniq" ON "auth_user_groups" ("user_id", "group_id");
CREATE INDEX IF NOT EXISTS "auth_user_groups_e8701ad4" ON "auth_user_groups" ("user_id");
CREATE INDEX IF NOT EXISTS "auth_user_groups_0e939a4f" ON "auth_user_groups" ("group_id");
CREATE UNIQUE INDEX "auth_user_user_permissions_user_id_14a6b632_uniq" ON "auth_user_user_permissions" ("user_id", "permission_id");
CREATE INDEX IF NOT EXISTS "auth_user_user_permissions_e8701ad4" ON "auth_user_user_permissions" ("user_id");
CREATE INDEX IF NOT EXISTS "auth_user_user_permissions_8373b171" ON "auth_user_user_permissions" ("permission_id");
CREATE INDEX IF NOT EXISTS "django_admin_log_417f1b1c" ON "django_admin_log" ("content_type_id");
CREATE INDEX IF NOT EXISTS "django_admin_log_e8701ad4" ON "django_admin_log" ("user_id");
CREATE UNIQUE INDEX "django_content_type_app_label_76bd3d3b_uniq" ON "django_content_type" ("app_label", "model");
CREATE UNIQUE INDEX "auth_permission_content_type_id_01ab375a_uniq" ON "auth_permission" ("content_type_id", "codename");
CREATE INDEX IF NOT EXISTS "auth_permission_417f1b1c" ON "auth_permission" ("content_type_id");
CREATE INDEX IF NOT EXISTS "django_session_de54fa62" ON "django_session" ("expire_date");
CREATE INDEX IF NOT EXISTS "cpm_stagesetting_6fa54945" ON "cpm_stagesetting" ("project_name_id");
CREATE INDEX IF NOT EXISTS "cpm_team_33fd710b" ON "cpm_team" ("member_role_id");
CREATE INDEX IF NOT EXISTS "cpm_team_6fa54945" ON "cpm_team" ("project_name_id");
CREATE INDEX IF NOT EXISTS "cpm_schedule_02c1725c" ON "cpm_schedule" ("assigned_to_id");
CREATE INDEX IF NOT EXISTS "cpm_schedule_6fa54945" ON "cpm_schedule" ("project_name_id");
CREATE INDEX IF NOT EXISTS "cpm_prototype_6fa54945" ON "cpm_prototype" ("project_name_id");
CREATE INDEX IF NOT EXISTS "cpm_schedulecomment_9bc70bb9" ON "cpm_schedulecomment" ("schedule_id");
CREATE INDEX IF NOT EXISTS "cpm_plan_6fa54945" ON "cpm_plan" ("project_name_id");
CREATE INDEX IF NOT EXISTS "cpm_materialcomment_eb4b9aaa" ON "cpm_materialcomment" ("material_id");
CREATE INDEX IF NOT EXISTS "cpm_trackinginfo_courier_id_id_250bdd28" ON "cpm_trackinginfo" ("courier_id_id");
CREATE INDEX IF NOT EXISTS "cpm_trackinginfo_material_id_789fe3e8" ON "cpm_trackinginfo" ("material_id");
CREATE INDEX IF NOT EXISTS "cpm_material_project_name_id_7a455a0b" ON "cpm_material" ("project_name_id");
CREATE INDEX IF NOT EXISTS "cpm_material_order_status_id_9626aa8a" ON "cpm_material" ("order_status_id");
CREATE INDEX IF NOT EXISTS "cpm_material_order_priority_id_7d2a64e8" ON "cpm_material" ("order_priority_id");
CREATE TABLE "cpm_material" ("id" integer NOT NULL PRIMARY KEY AUTOINCREMENT, "order_category" varchar(500) NOT NULL, "order_sub_category" varchar(500) NOT NULL, "order_item" varchar(500) NOT NULL, "order_item_url" varchar(1000) NOT NULL, "order_quantity" integer NOT NULL, "order_unit_price" decimal NOT NULL, "project_name_id" integer NOT NULL REFERENCES "cpm_project" ("id"), "order_status_id" integer NOT NULL REFERENCES "cpm_orderstatus" ("id"), "order_vendor" varchar(500) NULL, "order_currency" varchar(5) NULL, "added_on" datetime NOT NULL, "author" varchar(200) NOT NULL, "est_lead_time" varchar(10) NOT NULL, "order_priority_id" integer NOT NULL REFERENCES "cpm_orderpriority" ("id"), "order_hsn" varchar(15) NOT NULL);
INSERT INTO "cpm_material" VALUES(1,'Mechanical','Spare parts','Screw','http://abc.com',20,0.13,20,2,'Amazon','Rs','2017-07-13 03:19:22.801000','admin','1d',3,'');
INSERT INTO "cpm_material" VALUES(4,'Chemical','Solvent','Biogel','http://def.com',6,450,20,4,'Amazon','Rs','2017-07-13 03:19:22.801000','admin','1d',3,'');
INSERT INTO "cpm_material" VALUES(10,'Mechanical','Parts','Diode','http://abc.com',2,0.01,21,1,'Amazon','Rs','2017-07-13 03:19:22.801000','admin','1d',3,'');
INSERT INTO "cpm_material" VALUES(11,'Mechanics','Spare parts','Screw','http://abc.com',30,0.45,10,1,'Amazon','Rs','2017-07-13 03:19:22.801000','admin','1d',3,'');
INSERT INTO "cpm_material" VALUES(12,'Chemical','Solvent','biogel','http://abc.com',1,30,10,1,'Amazon','Rs','2017-07-13 03:19:22.801000','admin','1d',3,'');
INSERT INTO "cpm_material" VALUES(34,'Filaments','PLA','Green PLA Filament (1.75 mm)','http://makemendel.com/filaments/pla-filaments/green-pla-filament',1,1673.38,20,1,'Make Mendel','Rs','2017-07-13 03:19:22.801000','admin','1d',3,'');
INSERT INTO "cpm_material" VALUES(55,'Electronics','Computers & Accessories','G-Technology G-DRIVE ev RaW USB 3.0 Portable Hard Drive 2TB 0G05190','https://www.amazon.com/dp/B01L0PS2IA?psc=1&smid=A3JC02LVN0LU5G',1,139.95,20,1,'Amazon','$','2017-07-13 03:19:22.801000','admin','1d',3,'');
INSERT INTO "cpm_material" VALUES(90,'Eletronics','Computers & Accessories','Screw','',18,0.16,20,1,'Amazon','Rs','2017-07-13 03:54:34.992000','admin','1d',3,'');
INSERT INTO "cpm_material" VALUES(92,'Chemical','Solvent','biogel','',1,300,20,5,'Local','Rs','2017-07-13 06:41:26.664000','admin','1d',3,'');
INSERT INTO "cpm_material" VALUES(93,'Chemical','Solvent','biogel','',3,300,20,5,'Local','Rs','2017-07-13 06:42:22.247000','admin','1d',3,'');
INSERT INTO "cpm_material" VALUES(96,'Everything Else','Other','keyboard','http://www.personalfab.it/en/products/screw-ldm-clay-extruder-1',4,200.5,20,5,'Ebay','Rs','2017-07-14 08:13:32.082000','naveena','1d',3,'');
INSERT INTO "cpm_material" VALUES(97,'Mechanical','Spare parts','auger screw','http://www.personalfab.it/en/products/screw-ldm-clay-extruder-1',1,2500,20,5,'wasp','Rs','2017-07-14 12:47:08.735000','naveena','1d',3,'');
INSERT INTO "cpm_material" VALUES(98,'Chemical','Computers & Accessories','test','http://makemendel.com/filaments/pla-filaments/green-pla-filament',1,100,20,5,'Amazon','Rs','2017-07-15 14:35:19.613000','naveena','1m',3,'');
INSERT INTO "cpm_material" VALUES(99,'Chemical','Computers & Accessories','keyboard','',2,0,20,5,'Amazon','Rs','2017-07-15 15:40:49.240000','naveena','1d',3,'');
INSERT INTO "cpm_material" VALUES(100,'Filaments','PLA','test','',1,1000,20,5,'Amazon','Rs','2017-07-17 04:46:17.066000','naveena','1d',3,'');
INSERT INTO "cpm_material" VALUES(101,'Mechanical','Spare parts','filament','',1,2000,20,5,'Amazon','Rs','2017-07-25 09:11:40.907000','naveena','1w',3,'');
INSERT INTO "cpm_material" VALUES(102,'Electrical','Meters','test','',3,0.17,20,5,'3dPrintronics','Rs','2017-07-25 09:25:51.630000','naveena','1m',3,'');
INSERT INTO "cpm_material" VALUES(104,'','','','http://www.pothyssuperstores.com/ITEM-1323-BigOnion--PothysSuperStores-1Kg',1,0,20,2,'pothyssuperstores','','2017-07-29 13:24:03.008000','URL Upload','1d',3,'');
INSERT INTO "cpm_material" VALUES(105,'New cat','New sub cat 1','test','http://www.personalfab.it/en/products/screw-ldm-clay-extruder-1/',1,100,20,2,'Unknown','Rs','2017-08-02 03:09:10.429000','naveena','2d',3,'');
INSERT INTO "cpm_material" VALUES(106,'New cat','New sub cat 1','test','http://www.personalfab.it/en/products/screw-ldm-clay-extruder-1/',1,100.5,20,2,'Unknown','Rs','2017-08-02 11:21:07.982000','naveena','2d',3,'');
INSERT INTO "cpm_material" VALUES(107,'','','','http://www.pothyssuperstores.com/ITEM-1323-BigOnion--PothysSuperStores-1Kg',1,0,20,2,'pothyssuperstores','Rs','2017-08-21 14:41:35.137000','URL Upload','1d',3,'');
INSERT INTO "cpm_material" VALUES(109,'','','','http://www.pothyssuperstores.com/ITEM-1323-BigOnion--PothysSuperStores-1Kg',1,0,20,5,'pothyssuperstores','Rs','2017-08-21 14:44:14.433000','URL Upload','1d',3,'');
INSERT INTO "cpm_material" VALUES(110,'','','','http://www.pothyssuperstores.com/ITEM-1323-BigOnion--PothysSuperStores-1Kg',1,0,20,2,'pothyssuperstores','Rs','2017-08-21 14:46:01.578000','URL Upload','1d',3,'');
INSERT INTO "cpm_material" VALUES(111,'','','','http://www.pothyssuperstores.com/ITEM-1323-BigOnion--PothysSuperStores-1Kg',1,0,20,1,'pothyssuperstores','Rs','2017-08-21 14:47:11.729000','URL Upload','1d',3,'');
INSERT INTO "cpm_material" VALUES(112,'','','','http://www.pothyssuperstores.com/ITEM-1323-BigOnion--PothysSuperStores-1Kg',1,0,20,1,'pothyssuperstores','Rs','2017-08-21 14:51:20.275000','URL Upload','1d',3,'');
INSERT INTO "cpm_material" VALUES(113,'','','','http://www.pothyssuperstores.com/ITEM-1323-BigOnion--PothysSuperStores-1Kg',1,0,20,1,'pothyssuperstores','Rs','2017-08-25 04:07:09.465000','naveena','1d',3,'');
INSERT INTO "cpm_material" VALUES(115,'unknown','unknown','hgffgfhfgfhfhgfhghgffgfhfgfhfhgfhghgffgfhfgfhfhgfhghgffgfhfgfhfhgfhghgffgfhfgfhfhgfhghgffgfhfgfhfhgfhghgffgfhfgfhfhgfhg','http://www.xyz.com',1,0,20,1,'pothyssuperstores','Rs','2017-08-25 04:02:18.214000','naveena','1d',3,'');
INSERT INTO "cpm_material" VALUES(116,'Chemical','Gels','keyboard','',1,0.12,20,1,'3dPrintronics','Rs','2017-08-25 06:48:58.379000','naveena','1d',1,'');
INSERT INTO "cpm_material" VALUES(118,'Everything Else','Other','Superior Quality - Portable Gas Torch, Burner, Lighter, Flamethrower, Soldering Tool.','https://www.amazon.in/Superior-Quality-Portable-Flamethrower-Soldering/dp/B06WWB4JD5?_encoding=UTF8&ascsubtag=1345aa32-d21f-4a5d-af7c-0c2ff81d0b71&portal-device-attributes=desktop&tag=googinhydr18418-21&tag=googinkenshoo-21',1,761,20,2,'Amazon','Rs','2017-08-25 07:05:41.414000','naveena','4m',2,'');
INSERT INTO "cpm_material" VALUES(119,'Everything Else','Other','Superior Quality - Portable Gas Torch, Burner, Lighter, Flamethrower, Soldering Tool.','https://www.amazon.in/Superior-Quality-Portable-Flamethrower-Soldering/dp/B06WWB4JD5?_encoding=UTF8&ascsubtag=1345aa32-d21f-4a5d-af7c-0c2ff81d0b71&portal-device-attributes=desktop&tag=googinhydr18418-21&tag=googinkenshoo-21',1,765,20,4,'Amazon','Rs','2017-08-25 07:08:07.237000','naveena','1d',4,'');
INSERT INTO "cpm_material" VALUES(121,'unknown','unknown','Nil','https://www.amazon.com/dp/B01DDYLF8A/ref=strm_fun_201_nad_1_2',1,10.17,20,2,'amazon','Rs','2017-08-26 09:53:10.460000','naveena','1d',3,'');
INSERT INTO "cpm_material" VALUES(123,'Everything Else','Other','ORIGINAL SAMSUNG EB425161LU 1500mah Battery For Samsung Galaxy S Duos s7562/7582 | eBay','http://www.ebay.in/itm/181491444315?aff_source=Sok-Goog',5,499,20,1,'Ebay','Rs','2017-08-26 13:35:04.610000','naveena','5w',3,'');
INSERT INTO "cpm_material" VALUES(125,'Everything Else','Other','DIY Crafts®Gas Blow Torch Soldering Solder Iron Gun Butane Cordles Welding Burne','http://www.ebay.in/itm/DIY-Crafts-Gas-Blow-Torch-Soldering-Solder-Iron-Gun-Butane-Cordles-Welding-Burne-/272817526722?_trksid=p2059707.m48543.l9013',1,664.9,20,1,'Ebay','Rs','2017-08-26 13:48:12.393000','naveena','1d',3,'');
INSERT INTO "cpm_material" VALUES(126,'Chemical','Gels','test','http://xx.com',1,0,20,1,'3dPrintronics','Rs','2017-08-26 14:11:38.892000','naveena','1d',1,'');
INSERT INTO "cpm_material" VALUES(127,'Chemical','Gels','test','',1,0,20,4,'3dPrintronics','Rs','2017-08-28 03:19:02.721000','naveena','1d',1,'');
INSERT INTO "cpm_material" VALUES(128,'Shoes & Handbags','Shoes','Knight Ace Kraasa 105 Sneakers','http://www.amazon.in/Kraasa-Leather-Casual-Shoes-Tsz105-8/dp/B01DB93UKS?_encoding=UTF8&nodeID=9780814031&portal-device-attributes=desktop&psd=1&qid=1495689710&ref_=sr_1_1&rps=1&s=shoes&sr=1-1&th=1',1,0,20,1,'Amazon','Rs','2017-09-13 10:54:29.520000','naveena','1d',3,'');
INSERT INTO "cpm_material" VALUES(129,'Shoes & Handbags','Shoes','Knight Ace Kraasa 105 Sneakers','http://www.amazon.in/Kraasa-Leather-Casual-Shoes-Tsz105-8/dp/B01DB93UKS?_encoding=UTF8&nodeID=9780814031&portal-device-attributes=desktop&psd=1&qid=1495689710&ref_=sr_1_1&rps=1&s=shoes&sr=1-1&th=1',1,0,20,3,'Amazon','Rs','2017-09-13 10:55:14.939000','naveena','1d',3,'');
INSERT INTO "cpm_material" VALUES(130,'Shoes & Handbags','Shoes','Knight Ace Kraasa 105 Sneakers','http://www.amazon.in/Kraasa-Leather-Casual-Shoes-Tsz105-8/dp/B01DB93UKS?_encoding=UTF8&nodeID=9780814031&portal-device-attributes=desktop&psd=1&qid=1495689710&ref_=sr_1_1&rps=1&s=shoes&sr=1-1&th=1',1,0,20,1,'Amazon','Rs','2017-09-13 10:59:01.480000','naveena','1d',3,'ASD45TGD567TRD');
INSERT INTO "cpm_material" VALUES(131,'Electrical','Wires','test','',1,0,20,4,'3dPrintronics','Rs','2017-09-21 05:19:18.612000','naveena','1d',1,'SDR56467TYHDSA');
INSERT INTO "cpm_material" VALUES(132,'Electrical','Wires','test','',1,0,20,2,'3dPrintronics','Rs','2017-09-21 06:40:30.472000','naveena','1d',1,'SDR56467TYHDSA');
INSERT INTO "cpm_material" VALUES(133,'Electrical','Wires','test','',1,0,20,5,'3dPrintronics','Rs','2017-09-21 06:40:52.105000','naveena','1d',1,'SDR56467TYHDSA');
INSERT INTO "cpm_material" VALUES(134,'Electrical','Wires','test','',1,0,20,3,'3dPrintronics','Rs','2017-09-21 06:42:25.694000','naveena','1d',1,'SDR56467TYHDSA');
INSERT INTO "cpm_material" VALUES(135,'Electrical','Wires','test','',1,0,20,5,'3dPrintronics','Rs','2017-09-21 06:56:43.421000','naveena','1d',1,'SDR56467TYHDSA');
INSERT INTO "cpm_material" VALUES(136,'Electrical','Wires','test','',1,0,20,5,'3dPrintronics','Rs','2017-09-21 06:57:11.213000','naveena','1d',1,'SDR56467TYHDSA');
INSERT INTO "cpm_material" VALUES(137,'Electrical','Wires','test','',1,0,20,5,'3dPrintronics','Rs','2017-09-21 06:59:32.064000','naveena','1d',1,'SDR56467TYHDSA');
INSERT INTO "cpm_material" VALUES(138,'Electrical','Wires','test','',1,0,20,5,'3dPrintronics','Rs','2017-09-21 07:25:40.817000','naveena','1d',1,'SDR56467TYHDSA');
INSERT INTO "cpm_material" VALUES(139,'Electrical','Wires','test','',1,0,20,5,'3dPrintronics','Rs','2017-09-21 07:26:29.137000','naveena','1d',1,'SDR56467TYHDSA');
INSERT INTO "cpm_material" VALUES(140,'Chemical','Solvent','keyboard','',1,0,20,5,'3dPrintronics','Rs','2017-09-21 07:28:56.987000','naveena','1d',1,'ASD45TGD567TRD');
INSERT INTO "cpm_material" VALUES(141,'Chemical','Gels','keyboard','',1,0,20,3,'3dPrintronics','Rs','2017-09-21 07:34:06.393000','naveena','1d',1,'ASD45TGD567TRD');
INSERT INTO "cpm_material" VALUES(142,'Electrical','Wires','keyboard','',3,0,20,5,'3dPrintronics','Rs','2017-09-21 12:03:48.325000','naveena','1d',1,'ASD45TGD567TRD');
INSERT INTO "cpm_material" VALUES(143,'Chemical','Gels','keyboard','',1,0,20,3,'3dPrintronics','Rs','2017-09-21 12:07:01.095000','naveena','1d',1,'DDDD45TGD567TRD');
INSERT INTO "cpm_material" VALUES(144,'Chemical','Gels','keyboard','',1,0,20,3,'3dPrintronics','Rs','2017-09-21 12:11:07.723000','naveena','1d',1,'DDDD45TGD567TRD');
INSERT INTO "cpm_material" VALUES(145,'Chemical','Gels','Nil','',1,0,20,6,'3dPrintronics','Rs','2017-09-21 12:11:29.749000','naveena','1d',1,'DDD4445TGD567TRD');
INSERT INTO "cpm_material" VALUES(152,'W','  B','C','http://testing.com',2,99,20,3,'D','Rs','2017-09-29 07:08:05.140000','','1d',2,'123456');
INSERT INTO "cpm_material" VALUES(164,'Shoes & Handbags','Shoes','Knight Ace Kraasa 105 Sneakers','http://www.amazon.in/Kraasa-Leather-Casual-Shoes-Tsz105-8/dp/B01DB93UKS?_encoding=UTF8&nodeID=9780814031&portal-device-attributes=desktop&psd=1&qid=1495689710&ref_=sr_1_1&rps=1&s=shoes&sr=1-1&th=1',3,0,20,1,'Amazon','Rs','2017-09-29 09:26:32.403000','naveena','1d',3,'');
INSERT INTO "cpm_material" VALUES(165,'A','  B','C','http://testing.com',6,499,20,5,'D','Rs','2017-09-30 04:59:40.117000','','1d',2,'123456');
INSERT INTO "cpm_material" VALUES(166,'S','  B','C','http://testing.com',4,99,20,5,'D','Rs','2017-09-30 04:59:40.133000','','1d',2,'34567890');
INSERT INTO "cpm_material" VALUES(167,'Y','  B','C','http://testing.com',1,199,20,5,'D','Rs','2017-09-30 04:59:40.148000','','1d',2,'48764');
INSERT INTO "cpm_material" VALUES(168,'A','  B','C','http://testing.com',1,799,20,5,'D','Rs','2017-09-30 04:59:40.166000','','1d',2,'asdv');
INSERT INTO "cpm_material" VALUES(169,'V','  B','C','http://testing.com',5,199,20,5,'D','Rs','2017-09-30 04:59:40.179000','','1d',2,'asdv');
CREATE UNIQUE INDEX "auth_group_permissions_group_id_0cd325b0_uniq" ON "auth_group_permissions" ("group_id", "permission_id");
CREATE INDEX IF NOT EXISTS "auth_group_permissions_0e939a4f" ON "auth_group_permissions" ("group_id");
CREATE INDEX IF NOT EXISTS "auth_group_permissions_8373b171" ON "auth_group_permissions" ("permission_id");
CREATE UNIQUE INDEX "auth_user_groups_user_id_94350c0c_uniq" ON "auth_user_groups" ("user_id", "group_id");
CREATE INDEX IF NOT EXISTS "auth_user_groups_e8701ad4" ON "auth_user_groups" ("user_id");
CREATE INDEX IF NOT EXISTS "auth_user_groups_0e939a4f" ON "auth_user_groups" ("group_id");
CREATE UNIQUE INDEX "auth_user_user_permissions_user_id_14a6b632_uniq" ON "auth_user_user_permissions" ("user_id", "permission_id");
CREATE INDEX IF NOT EXISTS "auth_user_user_permissions_e8701ad4" ON "auth_user_user_permissions" ("user_id");
CREATE INDEX IF NOT EXISTS "auth_user_user_permissions_8373b171" ON "auth_user_user_permissions" ("permission_id");
CREATE INDEX IF NOT EXISTS "django_admin_log_417f1b1c" ON "django_admin_log" ("content_type_id");
CREATE INDEX IF NOT EXISTS "django_admin_log_e8701ad4" ON "django_admin_log" ("user_id");
CREATE UNIQUE INDEX "django_content_type_app_label_76bd3d3b_uniq" ON "django_content_type" ("app_label", "model");
CREATE UNIQUE INDEX "auth_permission_content_type_id_01ab375a_uniq" ON "auth_permission" ("content_type_id", "codename");
CREATE INDEX IF NOT EXISTS "auth_permission_417f1b1c" ON "auth_permission" ("content_type_id");
CREATE INDEX IF NOT EXISTS "django_session_de54fa62" ON "django_session" ("expire_date");
CREATE INDEX IF NOT EXISTS "cpm_stagesetting_6fa54945" ON "cpm_stagesetting" ("project_name_id");
CREATE INDEX IF NOT EXISTS "cpm_team_33fd710b" ON "cpm_team" ("member_role_id");
CREATE INDEX IF NOT EXISTS "cpm_team_6fa54945" ON "cpm_team" ("project_name_id");
CREATE INDEX IF NOT EXISTS "cpm_schedule_02c1725c" ON "cpm_schedule" ("assigned_to_id");
CREATE INDEX IF NOT EXISTS "cpm_schedule_6fa54945" ON "cpm_schedule" ("project_name_id");
CREATE INDEX IF NOT EXISTS "cpm_prototype_6fa54945" ON "cpm_prototype" ("project_name_id");
CREATE INDEX IF NOT EXISTS "cpm_schedulecomment_9bc70bb9" ON "cpm_schedulecomment" ("schedule_id");
CREATE INDEX IF NOT EXISTS "cpm_plan_6fa54945" ON "cpm_plan" ("project_name_id");
CREATE INDEX IF NOT EXISTS "cpm_materialcomment_eb4b9aaa" ON "cpm_materialcomment" ("material_id");
CREATE INDEX IF NOT EXISTS "cpm_trackinginfo_courier_id_id_250bdd28" ON "cpm_trackinginfo" ("courier_id_id");
CREATE INDEX IF NOT EXISTS "cpm_trackinginfo_material_id_789fe3e8" ON "cpm_trackinginfo" ("material_id");
CREATE INDEX IF NOT EXISTS "cpm_material_project_name_id_7a455a0b" ON "cpm_material" ("project_name_id");
CREATE INDEX IF NOT EXISTS "cpm_material_order_status_id_9626aa8a" ON "cpm_material" ("order_status_id");
CREATE INDEX IF NOT EXISTS "cpm_material_order_priority_id_7d2a64e8" ON "cpm_material" ("order_priority_id");
CREATE TABLE "cpm_materialcomment" ("id" integer NOT NULL PRIMARY KEY AUTOINCREMENT, "author" varchar(200) NOT NULL, "commented_on" datetime NOT NULL, "comment" varchar(2000) NOT NULL, "material_id" integer NOT NULL REFERENCES "cpm_material" ("id"));
INSERT INTO "cpm_materialcomment" VALUES(1,'naveena','2016-04-10 11:48:23.720000','hey',1);
INSERT INTO "cpm_materialcomment" VALUES(2,'naveena','2016-04-10 11:48:41.641000','is this order approved?',1);
INSERT INTO "cpm_materialcomment" VALUES(7,'naveena','2017-07-13 07:35:25.833000','Is this ordered?',93);
INSERT INTO "cpm_materialcomment" VALUES(16,'naveena','2017-08-29 08:07:43.758000',' Changed quantity from "1" to"3".',123);
INSERT INTO "cpm_materialcomment" VALUES(17,'naveena','2017-08-29 08:08:31.860000',' Changed category from "Unknown" to"unknown". Changed subcategory from "Unknown" to"unknown". Changed from price "0.00" to"10.17".',121);
INSERT INTO "cpm_materialcomment" VALUES(18,'naveena','2017-08-29 08:09:06.429000',' Changed category from "Industrial & Scientific" to"Everything Else". Changed subcategory from "Power & Hand Tools" to"Other". Changed ELT from "1d" to"4m".',118);
INSERT INTO "cpm_materialcomment" VALUES(19,'naveena','2017-08-29 08:27:35.187000',' Changed priority from "Nice-to-have" to"Must-have".',118);
INSERT INTO "cpm_materialcomment" VALUES(20,'naveena','2017-08-29 08:29:37.197000',' Changed category from "Industrial & Scientific" to"Everything Else". Changed subcategory from "Power & Hand Tools" to"Other". Changed from price "761.00" to"765". Changed priority from "Nice-to-have" to"Plan-B".',119);
INSERT INTO "cpm_materialcomment" VALUES(21,'naveena','2017-09-01 13:53:42.663000',' Changed quantity from "3" to"4".',123);
INSERT INTO "cpm_materialcomment" VALUES(22,'naveena','2017-09-01 13:59:06.339000',' Changed quantity from "4" to"5".',123);
INSERT INTO "cpm_materialcomment" VALUES(23,'naveena','2017-09-01 14:06:19.325000',' Changed quantity from "5" to"6".',123);
INSERT INTO "cpm_materialcomment" VALUES(24,'naveena','2017-09-01 14:07:11.329000',' Changed quantity from "6" to"3".',123);
INSERT INTO "cpm_materialcomment" VALUES(25,'naveena','2017-09-01 14:07:47.886000',' Changed quantity from "3" to"7".',123);
INSERT INTO "cpm_materialcomment" VALUES(26,'naveena','2017-09-02 08:56:05.120000',' Changed quantity from "7" to"5".',123);
INSERT INTO "cpm_materialcomment" VALUES(27,'naveena','2017-09-03 13:57:04.196000',' Changed category from "Electronics" to"Everything Else". Changed subcategory from "Computers & Accessories" to"Other". Changed vendor from "Local" to"Ebay".',96);
INSERT INTO "cpm_materialcomment" VALUES(28,'naveena','2017-09-20 13:17:48.490000',' Changed HSN code from "" to"ASD45TGD567TRD".',130);
INSERT INTO "cpm_materialcomment" VALUES(29,'naveena','2017-09-20 13:22:08.131000','Changed order status from "Not Approved" to "Not Placed"',130);
INSERT INTO "cpm_materialcomment" VALUES(30,'naveena','2017-09-20 13:22:15.826000','Changed order status from "Not Approved" to "Not Placed"',129);
INSERT INTO "cpm_materialcomment" VALUES(31,'naveena','2017-09-20 13:23:39.211000','Changed order status from "Not Approved" to "Not Placed"',128);
INSERT INTO "cpm_materialcomment" VALUES(32,'naveena','2017-09-20 13:23:57.794000','Changed order status from "Not Placed" to "Placed"',130);
INSERT INTO "cpm_materialcomment" VALUES(33,'naveena','2017-09-20 13:24:23.439000','Changed order status from "Not Approved" to "Not Placed"',119);
INSERT INTO "cpm_materialcomment" VALUES(34,'naveena','2017-09-20 13:24:45.563000','Changed order status from "Not Placed" to "Placed"',119);
INSERT INTO "cpm_materialcomment" VALUES(35,'naveena','2017-09-20 13:25:11.872000','Changed order status from "Placed" to "Shipped"',119);
INSERT INTO "cpm_materialcomment" VALUES(36,'naveena','2017-09-20 14:17:14.308000','Changed order status from "Not Placed" to "Placed"',129);
INSERT INTO "cpm_materialcomment" VALUES(37,'naveena','2017-09-20 14:20:09.285000','Changed order status from "Placed" to "Shipped"',129);
INSERT INTO "cpm_materialcomment" VALUES(38,'naveena','2017-09-20 14:20:54.740000','Changed order status from "Shipped" to "Delivered"',129);
INSERT INTO "cpm_materialcomment" VALUES(39,'naveena','2017-09-20 15:44:37.672000','Changed order status from "Not Placed" to "Placed"',128);
INSERT INTO "cpm_materialcomment" VALUES(40,'naveena','2017-09-21 04:34:13.194000','Changed order status from "Not Placed" to "Placed"',123);
INSERT INTO "cpm_materialcomment" VALUES(41,'naveena','2017-09-21 05:19:29.143000','Changed order status from "Not Approved" to "Not Placed"',131);
INSERT INTO "cpm_materialcomment" VALUES(42,'naveena','2017-09-21 05:33:59.832000','Changed order status from "Not Placed" to "Placed"',131);
INSERT INTO "cpm_materialcomment" VALUES(43,'naveena','2017-09-21 06:40:28.568000','Changed order status from "Placed" to "Shipped"',131);
INSERT INTO "cpm_materialcomment" VALUES(44,'naveena','2017-09-21 06:40:50.074000','Changed order status from "Not Approved" to "Not Placed"',132);
INSERT INTO "cpm_materialcomment" VALUES(45,'naveena','2017-09-21 06:42:33.577000','Changed order status from "Not Approved" to "Not Placed"',134);
INSERT INTO "cpm_materialcomment" VALUES(46,'naveena','2017-09-21 06:49:22.862000','Changed order status from "Not Placed" to "Placed"',134);
INSERT INTO "cpm_materialcomment" VALUES(47,'naveena','2017-09-21 12:11:36.930000','Changed order status from "Not Approved" to "Not Placed"',145);
INSERT INTO "cpm_materialcomment" VALUES(48,'naveena','2017-09-21 12:19:16.100000',' Changed HSN code from "DDDD45TGD567TRD" to"DDD4445TGD567TRD".',145);
INSERT INTO "cpm_materialcomment" VALUES(49,'naveena','2017-09-21 12:20:52.724000','Changed order status from "Not Approved" to "Not Placed"',143);
INSERT INTO "cpm_materialcomment" VALUES(50,'naveena','2017-09-22 07:33:39.670000','Changed order status from "Not Shipped" to "Not  Delivered"',134);
INSERT INTO "cpm_materialcomment" VALUES(51,'naveena','2017-09-22 07:37:27.122000','Changed order status from "Not Delivered" to "Delivered"',134);
INSERT INTO "cpm_materialcomment" VALUES(52,'naveena','2017-09-25 07:03:52.065000','Changed order status from "Not Placed" to "Not Shipped"',145);
INSERT INTO "cpm_materialcomment" VALUES(53,'naveena','2017-09-25 07:03:59.428000','Changed order status from "Not Shipped" to "Not Delivered"',145);
INSERT INTO "cpm_materialcomment" VALUES(54,'naveena','2017-09-25 07:05:27.068000','Changed order status from "Not Delivered" to "Delivered"',145);
INSERT INTO "cpm_materialcomment" VALUES(55,'naveena','2017-09-25 08:36:52.884000','Changed order status from "Not Placed" to "Not Shipped"',143);
INSERT INTO "cpm_materialcomment" VALUES(56,'naveena','2017-09-25 08:37:02.110000','Changed order status from "Not Approved" to "Not Placed"',144);
INSERT INTO "cpm_materialcomment" VALUES(57,'naveena','2017-09-25 08:37:15.386000','Changed order status from "Not Placed" to "Not Shipped"',144);
INSERT INTO "cpm_materialcomment" VALUES(58,'naveena','2017-09-25 08:37:29.944000','Changed order status from "Not Shipped" to "Not Delivered"',144);
INSERT INTO "cpm_materialcomment" VALUES(59,'naveena','2017-09-25 08:40:09.373000','Changed order status from "Not Delivered" to "Delivered"',144);
INSERT INTO "cpm_materialcomment" VALUES(60,'naveena','2017-09-25 08:43:01.429000','Changed order status from "Not Shipped" to "Not Delivered"',143);
INSERT INTO "cpm_materialcomment" VALUES(61,'naveena','2017-09-25 08:43:06.016000','Changed order status from "Not Delivered" to "Delivered"',143);
INSERT INTO "cpm_materialcomment" VALUES(62,'naveena','2017-09-25 08:46:22.501000','Changed order status from "Delivered" to "Not Working"',144);
INSERT INTO "cpm_materialcomment" VALUES(63,'naveena','2017-09-25 08:46:40.814000','Changed order status from "Delivered" to "Working"',143);
INSERT INTO "cpm_materialcomment" VALUES(64,'naveena','2017-09-25 09:25:46.011000',' Changed category from "Chemical" to"Electrical". Changed subcategory from "Gels" to"Wires".',142);
INSERT INTO "cpm_materialcomment" VALUES(65,'naveena','2017-09-25 10:27:51.406000',' Changed subcategory from "Gels" to"Solvent".',140);
INSERT INTO "cpm_materialcomment" VALUES(66,'naveena','2017-09-26 05:51:33.617000',' Changed quantity from "1" to"3".',142);
INSERT INTO "cpm_materialcomment" VALUES(67,'naveena','2017-09-26 06:02:13.406000',' Changed priority from "Working" to"Not Working".',145);
INSERT INTO "cpm_materialcomment" VALUES(68,'naveena','2017-09-26 06:02:40.990000',' Changed priority from "Not Working" to"Working".',144);
INSERT INTO "cpm_materialcomment" VALUES(69,'naveena','2017-09-26 06:03:13.632000','Changed order status from "Not Approved" to "Not Placed"',141);
INSERT INTO "cpm_materialcomment" VALUES(70,'naveena','2017-09-26 06:03:26.650000','Changed order status from "Not Placed" to "Not Shipped"',141);
INSERT INTO "cpm_materialcomment" VALUES(71,'naveena','2017-09-26 06:16:51.547000','Changed order status from "Not Shipped" to "Not Delivered"',141);
INSERT INTO "cpm_materialcomment" VALUES(72,'naveena','2017-09-26 06:16:58.517000','Changed order status from "Not Delivered" to "Delivered"',141);
INSERT INTO "cpm_materialcomment" VALUES(73,'naveena','2017-09-26 06:17:07.926000','Changed order status from "Delivered" to "Not Working"',141);
INSERT INTO "cpm_materialcomment" VALUES(74,'naveena','2017-09-26 06:17:20.916000',' Changed priority from "Not Working" to"Working".',141);
INSERT INTO "cpm_materialcomment" VALUES(75,'naveena','2017-09-29 07:08:15.174000',' Changed HSN code from "asdv" to"123456".',152);
INSERT INTO "cpm_materialcomment" VALUES(76,'naveena','2017-09-29 07:23:46.857000','Changed order status from "Not Approved" to "Not Placed"',152);
INSERT INTO "cpm_materialcomment" VALUES(77,'naveena','2017-09-29 07:23:52.567000','Changed order status from "Not Placed" to "Not Shipped"',152);
INSERT INTO "cpm_materialcomment" VALUES(78,'naveena','2017-09-29 07:24:00.095000','Changed order status from "Not Shipped" to "Not Delivered"',152);
INSERT INTO "cpm_materialcomment" VALUES(79,'naveena','2017-09-29 07:24:04.924000','Changed order status from "Not Delivered" to "Delivered"',152);
INSERT INTO "cpm_materialcomment" VALUES(80,'naveena','2017-09-29 07:24:11.131000','Changed order status from "Delivered" to "Not Working"',152);
INSERT INTO "cpm_materialcomment" VALUES(81,'naveena','2017-09-29 07:24:18.617000',' Changed priority from "Not Working" to"Working".',152);
INSERT INTO "cpm_materialcomment" VALUES(85,'naveena','2017-09-29 09:27:12.299000','Changed order status from "Not Approved" to "Not Placed"',164);
INSERT INTO "cpm_materialcomment" VALUES(86,'naveena','2017-09-29 09:27:28.798000',' Changed quantity from "1" to"3".',164);
INSERT INTO "cpm_materialcomment" VALUES(87,'naveena','2017-09-29 09:27:59.902000','Changed order status from "Not Placed" to "Not Shipped"',164);
INSERT INTO "cpm_materialcomment" VALUES(101,'naveena','2017-09-30 04:53:24.130000',' Changed subcategory from "B" to" B". Changed vendor from "D" to"N". Changed quantity from "1" to"2". Changed price from "99.00" to"99.00". Changed HSN code from "123456" to"123456".',152);
INSERT INTO "cpm_materialcomment" VALUES(102,'naveena','2017-09-30 04:59:40.197000',' Changed price from "99.00" to"99.00". Changed HSN code from "123456" to"123456".',152);
INSERT INTO "cpm_materialcomment" VALUES(103,'naveena','2017-09-30 05:01:26.356000',' Changed category from "A" to"V". Changed subcategory from " B" to"  B". Changed quantity from "11" to"5". Changed price from "99.00" to"99.00".',169);
INSERT INTO "cpm_materialcomment" VALUES(104,'naveena','2017-09-30 05:01:26.437000',' Changed subcategory from " B" to"  B". Changed item from "R" to"C". Changed price from "299.00" to"799.00".',168);
INSERT INTO "cpm_materialcomment" VALUES(105,'naveena','2017-09-30 05:01:26.504000',' Changed category from "A" to"Y". Changed subcategory from " B" to"  B". Changed vendor from "M" to"D". Changed price from "99.00" to"199.00". Changed HSN code from "48764" to"48764".',167);
INSERT INTO "cpm_materialcomment" VALUES(106,'naveena','2017-09-30 05:02:10.901000',' Changed price from "99.00" to"99.00".',169);
INSERT INTO "cpm_materialcomment" VALUES(107,'naveena','2017-09-30 05:02:10.963000',' Changed price from "799.00" to"799.00".',168);
INSERT INTO "cpm_materialcomment" VALUES(108,'naveena','2017-09-30 05:02:11.024000',' Changed price from "199.00" to"199.00". Changed HSN code from "48764" to"48764".',167);
INSERT INTO "cpm_materialcomment" VALUES(109,'naveena','2017-09-30 05:02:11.067000',' Changed category from "A" to"S". Changed subcategory from " B" to"  B". Changed item from "V" to"C". Changed price from "99.00" to"99". Changed HSN code from "asdv" to"34567890".',166);
INSERT INTO "cpm_materialcomment" VALUES(110,'naveena','2017-09-30 05:02:11.122000',' Changed subcategory from " B" to"  B". Changed vendor from "Q" to"D". Changed quantity from "8" to"6". Changed price from "499.00" to"499.00". Changed HSN code from "123456" to"123456".',165);
INSERT INTO "cpm_materialcomment" VALUES(111,'naveena','2017-09-30 05:02:11.180000',' Changed category from "A" to"W". Changed subcategory from " B" to"  B". Changed vendor from "N" to"D". Changed price from "99.00" to"99.00". Changed HSN code from "123456" to"123456".',152);
INSERT INTO "cpm_materialcomment" VALUES(112,'naveena','2017-09-30 05:18:18.363000',' Changed price from "99.00" to"99.00".',169);
INSERT INTO "cpm_materialcomment" VALUES(113,'naveena','2017-09-30 05:26:44.168000',' Changed price from "99.00" to"199.00".',169);
CREATE UNIQUE INDEX "auth_group_permissions_group_id_0cd325b0_uniq" ON "auth_group_permissions" ("group_id", "permission_id");
CREATE INDEX IF NOT EXISTS "auth_group_permissions_0e939a4f" ON "auth_group_permissions" ("group_id");
CREATE INDEX IF NOT EXISTS "auth_group_permissions_8373b171" ON "auth_group_permissions" ("permission_id");
CREATE UNIQUE INDEX "auth_user_groups_user_id_94350c0c_uniq" ON "auth_user_groups" ("user_id", "group_id");
CREATE INDEX IF NOT EXISTS "auth_user_groups_e8701ad4" ON "auth_user_groups" ("user_id");
CREATE INDEX IF NOT EXISTS "auth_user_groups_0e939a4f" ON "auth_user_groups" ("group_id");
CREATE UNIQUE INDEX "auth_user_user_permissions_user_id_14a6b632_uniq" ON "auth_user_user_permissions" ("user_id", "permission_id");
CREATE INDEX IF NOT EXISTS "auth_user_user_permissions_e8701ad4" ON "auth_user_user_permissions" ("user_id");
CREATE INDEX IF NOT EXISTS "auth_user_user_permissions_8373b171" ON "auth_user_user_permissions" ("permission_id");
CREATE INDEX IF NOT EXISTS "django_admin_log_417f1b1c" ON "django_admin_log" ("content_type_id");
CREATE INDEX IF NOT EXISTS "django_admin_log_e8701ad4" ON "django_admin_log" ("user_id");
CREATE UNIQUE INDEX "django_content_type_app_label_76bd3d3b_uniq" ON "django_content_type" ("app_label", "model");
CREATE UNIQUE INDEX "auth_permission_content_type_id_01ab375a_uniq" ON "auth_permission" ("content_type_id", "codename");
CREATE INDEX IF NOT EXISTS "auth_permission_417f1b1c" ON "auth_permission" ("content_type_id");
CREATE INDEX IF NOT EXISTS "django_session_de54fa62" ON "django_session" ("expire_date");
CREATE INDEX IF NOT EXISTS "cpm_stagesetting_6fa54945" ON "cpm_stagesetting" ("project_name_id");
CREATE INDEX IF NOT EXISTS "cpm_team_33fd710b" ON "cpm_team" ("member_role_id");
CREATE INDEX IF NOT EXISTS "cpm_team_6fa54945" ON "cpm_team" ("project_name_id");
CREATE INDEX IF NOT EXISTS "cpm_schedule_02c1725c" ON "cpm_schedule" ("assigned_to_id");
CREATE INDEX IF NOT EXISTS "cpm_schedule_6fa54945" ON "cpm_schedule" ("project_name_id");
CREATE INDEX IF NOT EXISTS "cpm_prototype_6fa54945" ON "cpm_prototype" ("project_name_id");
CREATE INDEX IF NOT EXISTS "cpm_schedulecomment_9bc70bb9" ON "cpm_schedulecomment" ("schedule_id");
CREATE INDEX IF NOT EXISTS "cpm_plan_6fa54945" ON "cpm_plan" ("project_name_id");
CREATE INDEX IF NOT EXISTS "cpm_materialcomment_eb4b9aaa" ON "cpm_materialcomment" ("material_id");
CREATE INDEX IF NOT EXISTS "cpm_trackinginfo_courier_id_id_250bdd28" ON "cpm_trackinginfo" ("courier_id_id");
CREATE INDEX IF NOT EXISTS "cpm_trackinginfo_material_id_789fe3e8" ON "cpm_trackinginfo" ("material_id");
CREATE INDEX IF NOT EXISTS "cpm_material_project_name_id_7a455a0b" ON "cpm_material" ("project_name_id");
CREATE INDEX IF NOT EXISTS "cpm_material_order_status_id_9626aa8a" ON "cpm_material" ("order_status_id");
CREATE INDEX IF NOT EXISTS "cpm_material_order_priority_id_7d2a64e8" ON "cpm_material" ("order_priority_id");
CREATE TABLE "cpm_orderpriority" ("id" integer NOT NULL PRIMARY KEY AUTOINCREMENT, "name" varchar(50) NOT NULL, "priority_id" integer NOT NULL);
INSERT INTO "cpm_orderpriority" VALUES(1,'High',100);
INSERT INTO "cpm_orderpriority" VALUES(2,'Must-have',200);
INSERT INTO "cpm_orderpriority" VALUES(3,'Nice-to-have',300);
INSERT INTO "cpm_orderpriority" VALUES(4,'Plan-B',400);
CREATE UNIQUE INDEX "auth_group_permissions_group_id_0cd325b0_uniq" ON "auth_group_permissions" ("group_id", "permission_id");
CREATE INDEX IF NOT EXISTS "auth_group_permissions_0e939a4f" ON "auth_group_permissions" ("group_id");
CREATE INDEX IF NOT EXISTS "auth_group_permissions_8373b171" ON "auth_group_permissions" ("permission_id");
CREATE UNIQUE INDEX "auth_user_groups_user_id_94350c0c_uniq" ON "auth_user_groups" ("user_id", "group_id");
CREATE INDEX IF NOT EXISTS "auth_user_groups_e8701ad4" ON "auth_user_groups" ("user_id");
CREATE INDEX IF NOT EXISTS "auth_user_groups_0e939a4f" ON "auth_user_groups" ("group_id");
CREATE UNIQUE INDEX "auth_user_user_permissions_user_id_14a6b632_uniq" ON "auth_user_user_permissions" ("user_id", "permission_id");
CREATE INDEX IF NOT EXISTS "auth_user_user_permissions_e8701ad4" ON "auth_user_user_permissions" ("user_id");
CREATE INDEX IF NOT EXISTS "auth_user_user_permissions_8373b171" ON "auth_user_user_permissions" ("permission_id");
CREATE INDEX IF NOT EXISTS "django_admin_log_417f1b1c" ON "django_admin_log" ("content_type_id");
CREATE INDEX IF NOT EXISTS "django_admin_log_e8701ad4" ON "django_admin_log" ("user_id");
CREATE UNIQUE INDEX "django_content_type_app_label_76bd3d3b_uniq" ON "django_content_type" ("app_label", "model");
CREATE UNIQUE INDEX "auth_permission_content_type_id_01ab375a_uniq" ON "auth_permission" ("content_type_id", "codename");
CREATE INDEX IF NOT EXISTS "auth_permission_417f1b1c" ON "auth_permission" ("content_type_id");
CREATE INDEX IF NOT EXISTS "django_session_de54fa62" ON "django_session" ("expire_date");
CREATE INDEX IF NOT EXISTS "cpm_stagesetting_6fa54945" ON "cpm_stagesetting" ("project_name_id");
CREATE INDEX IF NOT EXISTS "cpm_team_33fd710b" ON "cpm_team" ("member_role_id");
CREATE INDEX IF NOT EXISTS "cpm_team_6fa54945" ON "cpm_team" ("project_name_id");
CREATE INDEX IF NOT EXISTS "cpm_schedule_02c1725c" ON "cpm_schedule" ("assigned_to_id");
CREATE INDEX IF NOT EXISTS "cpm_schedule_6fa54945" ON "cpm_schedule" ("project_name_id");
CREATE INDEX IF NOT EXISTS "cpm_prototype_6fa54945" ON "cpm_prototype" ("project_name_id");
CREATE INDEX IF NOT EXISTS "cpm_schedulecomment_9bc70bb9" ON "cpm_schedulecomment" ("schedule_id");
CREATE INDEX IF NOT EXISTS "cpm_plan_6fa54945" ON "cpm_plan" ("project_name_id");
CREATE INDEX IF NOT EXISTS "cpm_materialcomment_eb4b9aaa" ON "cpm_materialcomment" ("material_id");
CREATE INDEX IF NOT EXISTS "cpm_trackinginfo_courier_id_id_250bdd28" ON "cpm_trackinginfo" ("courier_id_id");
CREATE INDEX IF NOT EXISTS "cpm_trackinginfo_material_id_789fe3e8" ON "cpm_trackinginfo" ("material_id");
CREATE INDEX IF NOT EXISTS "cpm_material_project_name_id_7a455a0b" ON "cpm_material" ("project_name_id");
CREATE INDEX IF NOT EXISTS "cpm_material_order_status_id_9626aa8a" ON "cpm_material" ("order_status_id");
CREATE INDEX IF NOT EXISTS "cpm_material_order_priority_id_7d2a64e8" ON "cpm_material" ("order_priority_id");
CREATE TABLE "cpm_orderstatus" ("id" integer NOT NULL PRIMARY KEY AUTOINCREMENT, "name" varchar(50) NOT NULL, "status_id" integer NOT NULL);
INSERT INTO "cpm_orderstatus" VALUES(1,'Not Shipped',300);
INSERT INTO "cpm_orderstatus" VALUES(2,'Not Placed',200);
INSERT INTO "cpm_orderstatus" VALUES(3,'Working',600);
INSERT INTO "cpm_orderstatus" VALUES(4,'Not Delivered',400);
INSERT INTO "cpm_orderstatus" VALUES(5,'Not Approved',100);
INSERT INTO "cpm_orderstatus" VALUES(6,'Not Working',700);
INSERT INTO "cpm_orderstatus" VALUES(7,'Delivered',500);
CREATE UNIQUE INDEX "auth_group_permissions_group_id_0cd325b0_uniq" ON "auth_group_permissions" ("group_id", "permission_id");
CREATE INDEX IF NOT EXISTS "auth_group_permissions_0e939a4f" ON "auth_group_permissions" ("group_id");
CREATE INDEX IF NOT EXISTS "auth_group_permissions_8373b171" ON "auth_group_permissions" ("permission_id");
CREATE UNIQUE INDEX "auth_user_groups_user_id_94350c0c_uniq" ON "auth_user_groups" ("user_id", "group_id");
CREATE INDEX IF NOT EXISTS "auth_user_groups_e8701ad4" ON "auth_user_groups" ("user_id");
CREATE INDEX IF NOT EXISTS "auth_user_groups_0e939a4f" ON "auth_user_groups" ("group_id");
CREATE UNIQUE INDEX "auth_user_user_permissions_user_id_14a6b632_uniq" ON "auth_user_user_permissions" ("user_id", "permission_id");
CREATE INDEX IF NOT EXISTS "auth_user_user_permissions_e8701ad4" ON "auth_user_user_permissions" ("user_id");
CREATE INDEX IF NOT EXISTS "auth_user_user_permissions_8373b171" ON "auth_user_user_permissions" ("permission_id");
CREATE INDEX IF NOT EXISTS "django_admin_log_417f1b1c" ON "django_admin_log" ("content_type_id");
CREATE INDEX IF NOT EXISTS "django_admin_log_e8701ad4" ON "django_admin_log" ("user_id");
CREATE UNIQUE INDEX "django_content_type_app_label_76bd3d3b_uniq" ON "django_content_type" ("app_label", "model");
CREATE UNIQUE INDEX "auth_permission_content_type_id_01ab375a_uniq" ON "auth_permission" ("content_type_id", "codename");
CREATE INDEX IF NOT EXISTS "auth_permission_417f1b1c" ON "auth_permission" ("content_type_id");
CREATE INDEX IF NOT EXISTS "django_session_de54fa62" ON "django_session" ("expire_date");
CREATE INDEX IF NOT EXISTS "cpm_stagesetting_6fa54945" ON "cpm_stagesetting" ("project_name_id");
CREATE INDEX IF NOT EXISTS "cpm_team_33fd710b" ON "cpm_team" ("member_role_id");
CREATE INDEX IF NOT EXISTS "cpm_team_6fa54945" ON "cpm_team" ("project_name_id");
CREATE INDEX IF NOT EXISTS "cpm_schedule_02c1725c" ON "cpm_schedule" ("assigned_to_id");
CREATE INDEX IF NOT EXISTS "cpm_schedule_6fa54945" ON "cpm_schedule" ("project_name_id");
CREATE INDEX IF NOT EXISTS "cpm_prototype_6fa54945" ON "cpm_prototype" ("project_name_id");
CREATE INDEX IF NOT EXISTS "cpm_schedulecomment_9bc70bb9" ON "cpm_schedulecomment" ("schedule_id");
CREATE INDEX IF NOT EXISTS "cpm_plan_6fa54945" ON "cpm_plan" ("project_name_id");
CREATE INDEX IF NOT EXISTS "cpm_materialcomment_eb4b9aaa" ON "cpm_materialcomment" ("material_id");
CREATE INDEX IF NOT EXISTS "cpm_trackinginfo_courier_id_id_250bdd28" ON "cpm_trackinginfo" ("courier_id_id");
CREATE INDEX IF NOT EXISTS "cpm_trackinginfo_material_id_789fe3e8" ON "cpm_trackinginfo" ("material_id");
CREATE INDEX IF NOT EXISTS "cpm_material_project_name_id_7a455a0b" ON "cpm_material" ("project_name_id");
CREATE INDEX IF NOT EXISTS "cpm_material_order_status_id_9626aa8a" ON "cpm_material" ("order_status_id");
CREATE INDEX IF NOT EXISTS "cpm_material_order_priority_id_7d2a64e8" ON "cpm_material" ("order_priority_id");
CREATE TABLE "cpm_plan" ("id" integer NOT NULL PRIMARY KEY AUTOINCREMENT, "project_plan" varchar(1000) NOT NULL, "business_plan" varchar(1000) NOT NULL, "project_name_id" integer NOT NULL REFERENCES "cpm_project" ("id"), "prototype_url" varchar(1000) NOT NULL, "weblink_url" varchar(1000) NOT NULL, "wiki_link" varchar(1000) NOT NULL);
INSERT INTO "cpm_plan" VALUES(3,'http://projectplan.com','http://biz.com',18,'','','http://wiki.com');
INSERT INTO "cpm_plan" VALUES(5,'https://abc.com','',11,'','','');
INSERT INTO "cpm_plan" VALUES(10,'','',20,'http://abc.com','','http://wiki.com');
CREATE UNIQUE INDEX "auth_group_permissions_group_id_0cd325b0_uniq" ON "auth_group_permissions" ("group_id", "permission_id");
CREATE INDEX IF NOT EXISTS "auth_group_permissions_0e939a4f" ON "auth_group_permissions" ("group_id");
CREATE INDEX IF NOT EXISTS "auth_group_permissions_8373b171" ON "auth_group_permissions" ("permission_id");
CREATE UNIQUE INDEX "auth_user_groups_user_id_94350c0c_uniq" ON "auth_user_groups" ("user_id", "group_id");
CREATE INDEX IF NOT EXISTS "auth_user_groups_e8701ad4" ON "auth_user_groups" ("user_id");
CREATE INDEX IF NOT EXISTS "auth_user_groups_0e939a4f" ON "auth_user_groups" ("group_id");
CREATE UNIQUE INDEX "auth_user_user_permissions_user_id_14a6b632_uniq" ON "auth_user_user_permissions" ("user_id", "permission_id");
CREATE INDEX IF NOT EXISTS "auth_user_user_permissions_e8701ad4" ON "auth_user_user_permissions" ("user_id");
CREATE INDEX IF NOT EXISTS "auth_user_user_permissions_8373b171" ON "auth_user_user_permissions" ("permission_id");
CREATE INDEX IF NOT EXISTS "django_admin_log_417f1b1c" ON "django_admin_log" ("content_type_id");
CREATE INDEX IF NOT EXISTS "django_admin_log_e8701ad4" ON "django_admin_log" ("user_id");
CREATE UNIQUE INDEX "django_content_type_app_label_76bd3d3b_uniq" ON "django_content_type" ("app_label", "model");
CREATE UNIQUE INDEX "auth_permission_content_type_id_01ab375a_uniq" ON "auth_permission" ("content_type_id", "codename");
CREATE INDEX IF NOT EXISTS "auth_permission_417f1b1c" ON "auth_permission" ("content_type_id");
CREATE INDEX IF NOT EXISTS "django_session_de54fa62" ON "django_session" ("expire_date");
CREATE INDEX IF NOT EXISTS "cpm_stagesetting_6fa54945" ON "cpm_stagesetting" ("project_name_id");
CREATE INDEX IF NOT EXISTS "cpm_team_33fd710b" ON "cpm_team" ("member_role_id");
CREATE INDEX IF NOT EXISTS "cpm_team_6fa54945" ON "cpm_team" ("project_name_id");
CREATE INDEX IF NOT EXISTS "cpm_schedule_02c1725c" ON "cpm_schedule" ("assigned_to_id");
CREATE INDEX IF NOT EXISTS "cpm_schedule_6fa54945" ON "cpm_schedule" ("project_name_id");
CREATE INDEX IF NOT EXISTS "cpm_prototype_6fa54945" ON "cpm_prototype" ("project_name_id");
CREATE INDEX IF NOT EXISTS "cpm_schedulecomment_9bc70bb9" ON "cpm_schedulecomment" ("schedule_id");
CREATE INDEX IF NOT EXISTS "cpm_plan_6fa54945" ON "cpm_plan" ("project_name_id");
CREATE INDEX IF NOT EXISTS "cpm_materialcomment_eb4b9aaa" ON "cpm_materialcomment" ("material_id");
CREATE INDEX IF NOT EXISTS "cpm_trackinginfo_courier_id_id_250bdd28" ON "cpm_trackinginfo" ("courier_id_id");
CREATE INDEX IF NOT EXISTS "cpm_trackinginfo_material_id_789fe3e8" ON "cpm_trackinginfo" ("material_id");
CREATE INDEX IF NOT EXISTS "cpm_material_project_name_id_7a455a0b" ON "cpm_material" ("project_name_id");
CREATE INDEX IF NOT EXISTS "cpm_material_order_status_id_9626aa8a" ON "cpm_material" ("order_status_id");
CREATE INDEX IF NOT EXISTS "cpm_material_order_priority_id_7d2a64e8" ON "cpm_material" ("order_priority_id");
CREATE TABLE "cpm_project" ("id" integer NOT NULL PRIMARY KEY AUTOINCREMENT, "name" varchar(50) NOT NULL UNIQUE, "status" varchar(15) NOT NULL, "completion" integer NOT NULL, "end_date" datetime NOT NULL, "start_date" datetime NOT NULL);
INSERT INTO "cpm_project" VALUES(10,'Project - 1','Ongoing',38,'2016-03-05 17:17:48.763000','2016-03-05 17:17:48.763000');
INSERT INTO "cpm_project" VALUES(11,'Project 4','Ongoing',38,'2016-03-05 17:17:59.458000','2016-03-05 17:17:59.458000');
INSERT INTO "cpm_project" VALUES(12,'Project 5','Ongoing',69,'2016-03-07 11:42:04.802000','2016-03-07 11:42:04.802000');
INSERT INTO "cpm_project" VALUES(18,'Project Robotics','Ongoing',23,'2016-06-21 18:30:00','2016-03-15 18:30:00');
INSERT INTO "cpm_project" VALUES(20,'Project Basic Technology','Ongoing',54,'2017-08-16 00:00:00','2016-03-16 00:00:00');
INSERT INTO "cpm_project" VALUES(21,'Project 2','Ongoing',15,'2016-10-31 00:00:00','2016-04-04 00:00:00');
INSERT INTO "cpm_project" VALUES(22,'Intro to Mechanics','Ongoing',8,'2016-04-21 00:00:00','2016-04-12 00:00:00');
INSERT INTO "cpm_project" VALUES(23,'Bio/Clay','Ongoing',0,'2017-05-21 18:30:00','2017-04-30 18:30:00');
INSERT INTO "cpm_project" VALUES(24,'Bio-Clay','Ongoing',0,'2017-05-29 18:30:00','2017-04-30 18:30:00');
INSERT INTO "cpm_project" VALUES(25,'Bio/Clay 1','Ongoing',0,'2017-05-06 18:30:00','2017-04-30 18:30:00');
CREATE UNIQUE INDEX "auth_group_permissions_group_id_0cd325b0_uniq" ON "auth_group_permissions" ("group_id", "permission_id");
CREATE INDEX IF NOT EXISTS "auth_group_permissions_0e939a4f" ON "auth_group_permissions" ("group_id");
CREATE INDEX IF NOT EXISTS "auth_group_permissions_8373b171" ON "auth_group_permissions" ("permission_id");
CREATE UNIQUE INDEX "auth_user_groups_user_id_94350c0c_uniq" ON "auth_user_groups" ("user_id", "group_id");
CREATE INDEX IF NOT EXISTS "auth_user_groups_e8701ad4" ON "auth_user_groups" ("user_id");
CREATE INDEX IF NOT EXISTS "auth_user_groups_0e939a4f" ON "auth_user_groups" ("group_id");
CREATE UNIQUE INDEX "auth_user_user_permissions_user_id_14a6b632_uniq" ON "auth_user_user_permissions" ("user_id", "permission_id");
CREATE INDEX IF NOT EXISTS "auth_user_user_permissions_e8701ad4" ON "auth_user_user_permissions" ("user_id");
CREATE INDEX IF NOT EXISTS "auth_user_user_permissions_8373b171" ON "auth_user_user_permissions" ("permission_id");
CREATE INDEX IF NOT EXISTS "django_admin_log_417f1b1c" ON "django_admin_log" ("content_type_id");
CREATE INDEX IF NOT EXISTS "django_admin_log_e8701ad4" ON "django_admin_log" ("user_id");
CREATE UNIQUE INDEX "django_content_type_app_label_76bd3d3b_uniq" ON "django_content_type" ("app_label", "model");
CREATE UNIQUE INDEX "auth_permission_content_type_id_01ab375a_uniq" ON "auth_permission" ("content_type_id", "codename");
CREATE INDEX IF NOT EXISTS "auth_permission_417f1b1c" ON "auth_permission" ("content_type_id");
CREATE INDEX IF NOT EXISTS "django_session_de54fa62" ON "django_session" ("expire_date");
CREATE INDEX IF NOT EXISTS "cpm_stagesetting_6fa54945" ON "cpm_stagesetting" ("project_name_id");
CREATE INDEX IF NOT EXISTS "cpm_team_33fd710b" ON "cpm_team" ("member_role_id");
CREATE INDEX IF NOT EXISTS "cpm_team_6fa54945" ON "cpm_team" ("project_name_id");
CREATE INDEX IF NOT EXISTS "cpm_schedule_02c1725c" ON "cpm_schedule" ("assigned_to_id");
CREATE INDEX IF NOT EXISTS "cpm_schedule_6fa54945" ON "cpm_schedule" ("project_name_id");
CREATE INDEX IF NOT EXISTS "cpm_prototype_6fa54945" ON "cpm_prototype" ("project_name_id");
CREATE INDEX IF NOT EXISTS "cpm_schedulecomment_9bc70bb9" ON "cpm_schedulecomment" ("schedule_id");
CREATE INDEX IF NOT EXISTS "cpm_plan_6fa54945" ON "cpm_plan" ("project_name_id");
CREATE INDEX IF NOT EXISTS "cpm_materialcomment_eb4b9aaa" ON "cpm_materialcomment" ("material_id");
CREATE INDEX IF NOT EXISTS "cpm_trackinginfo_courier_id_id_250bdd28" ON "cpm_trackinginfo" ("courier_id_id");
CREATE INDEX IF NOT EXISTS "cpm_trackinginfo_material_id_789fe3e8" ON "cpm_trackinginfo" ("material_id");
CREATE INDEX IF NOT EXISTS "cpm_material_project_name_id_7a455a0b" ON "cpm_material" ("project_name_id");
CREATE INDEX IF NOT EXISTS "cpm_material_order_status_id_9626aa8a" ON "cpm_material" ("order_status_id");
CREATE INDEX IF NOT EXISTS "cpm_material_order_priority_id_7d2a64e8" ON "cpm_material" ("order_priority_id");
CREATE TABLE "cpm_prototype" ("id" integer NOT NULL PRIMARY KEY AUTOINCREMENT, "pname" varchar(200) NOT NULL, "description" varchar(500) NOT NULL, "uploaded_on" datetime NOT NULL, "photo" varchar(100) NOT NULL, "project_name_id" integer NOT NULL REFERENCES "cpm_project" ("id"));
INSERT INTO "cpm_prototype" VALUES(3,'Sample','sample','2016-04-05 09:15:58.456000','photo/6797178-green-abstract-wallpaper.jpg',20);
INSERT INTO "cpm_prototype" VALUES(13,'Cpm screen','cpm website','2016-04-10 18:47:04.028000','photo/cpm-screen.png',20);
CREATE UNIQUE INDEX "auth_group_permissions_group_id_0cd325b0_uniq" ON "auth_group_permissions" ("group_id", "permission_id");
CREATE INDEX IF NOT EXISTS "auth_group_permissions_0e939a4f" ON "auth_group_permissions" ("group_id");
CREATE INDEX IF NOT EXISTS "auth_group_permissions_8373b171" ON "auth_group_permissions" ("permission_id");
CREATE UNIQUE INDEX "auth_user_groups_user_id_94350c0c_uniq" ON "auth_user_groups" ("user_id", "group_id");
CREATE INDEX IF NOT EXISTS "auth_user_groups_e8701ad4" ON "auth_user_groups" ("user_id");
CREATE INDEX IF NOT EXISTS "auth_user_groups_0e939a4f" ON "auth_user_groups" ("group_id");
CREATE UNIQUE INDEX "auth_user_user_permissions_user_id_14a6b632_uniq" ON "auth_user_user_permissions" ("user_id", "permission_id");
CREATE INDEX IF NOT EXISTS "auth_user_user_permissions_e8701ad4" ON "auth_user_user_permissions" ("user_id");
CREATE INDEX IF NOT EXISTS "auth_user_user_permissions_8373b171" ON "auth_user_user_permissions" ("permission_id");
CREATE INDEX IF NOT EXISTS "django_admin_log_417f1b1c" ON "django_admin_log" ("content_type_id");
CREATE INDEX IF NOT EXISTS "django_admin_log_e8701ad4" ON "django_admin_log" ("user_id");
CREATE UNIQUE INDEX "django_content_type_app_label_76bd3d3b_uniq" ON "django_content_type" ("app_label", "model");
CREATE UNIQUE INDEX "auth_permission_content_type_id_01ab375a_uniq" ON "auth_permission" ("content_type_id", "codename");
CREATE INDEX IF NOT EXISTS "auth_permission_417f1b1c" ON "auth_permission" ("content_type_id");
CREATE INDEX IF NOT EXISTS "django_session_de54fa62" ON "django_session" ("expire_date");
CREATE INDEX IF NOT EXISTS "cpm_stagesetting_6fa54945" ON "cpm_stagesetting" ("project_name_id");
CREATE INDEX IF NOT EXISTS "cpm_team_33fd710b" ON "cpm_team" ("member_role_id");
CREATE INDEX IF NOT EXISTS "cpm_team_6fa54945" ON "cpm_team" ("project_name_id");
CREATE INDEX IF NOT EXISTS "cpm_schedule_02c1725c" ON "cpm_schedule" ("assigned_to_id");
CREATE INDEX IF NOT EXISTS "cpm_schedule_6fa54945" ON "cpm_schedule" ("project_name_id");
CREATE INDEX IF NOT EXISTS "cpm_prototype_6fa54945" ON "cpm_prototype" ("project_name_id");
CREATE INDEX IF NOT EXISTS "cpm_schedulecomment_9bc70bb9" ON "cpm_schedulecomment" ("schedule_id");
CREATE INDEX IF NOT EXISTS "cpm_plan_6fa54945" ON "cpm_plan" ("project_name_id");
CREATE INDEX IF NOT EXISTS "cpm_materialcomment_eb4b9aaa" ON "cpm_materialcomment" ("material_id");
CREATE INDEX IF NOT EXISTS "cpm_trackinginfo_courier_id_id_250bdd28" ON "cpm_trackinginfo" ("courier_id_id");
CREATE INDEX IF NOT EXISTS "cpm_trackinginfo_material_id_789fe3e8" ON "cpm_trackinginfo" ("material_id");
CREATE INDEX IF NOT EXISTS "cpm_material_project_name_id_7a455a0b" ON "cpm_material" ("project_name_id");
CREATE INDEX IF NOT EXISTS "cpm_material_order_status_id_9626aa8a" ON "cpm_material" ("order_status_id");
CREATE INDEX IF NOT EXISTS "cpm_material_order_priority_id_7d2a64e8" ON "cpm_material" ("order_priority_id");
CREATE TABLE "cpm_readcommenttrack" ("id" integer NOT NULL PRIMARY KEY AUTOINCREMENT, "user_name" varchar(200) NOT NULL, "read_flag" varchar(1) NOT NULL, "order_id" integer NOT NULL, "project_id" integer NOT NULL);
INSERT INTO "cpm_readcommenttrack" VALUES(1,'naveena','Y',96,20);
INSERT INTO "cpm_readcommenttrack" VALUES(2,'test','N',96,20);
INSERT INTO "cpm_readcommenttrack" VALUES(3,'nonstaff','N',96,20);
INSERT INTO "cpm_readcommenttrack" VALUES(4,'naveena','Y',123,20);
INSERT INTO "cpm_readcommenttrack" VALUES(5,'test','N',123,20);
INSERT INTO "cpm_readcommenttrack" VALUES(6,'nonstaff','N',123,20);
INSERT INTO "cpm_readcommenttrack" VALUES(10,'naveena','Y',128,20);
INSERT INTO "cpm_readcommenttrack" VALUES(11,'test','N',130,20);
INSERT INTO "cpm_readcommenttrack" VALUES(12,'nonstaff','N',130,20);
INSERT INTO "cpm_readcommenttrack" VALUES(13,'naveena','Y',145,20);
INSERT INTO "cpm_readcommenttrack" VALUES(14,'test','N',145,20);
INSERT INTO "cpm_readcommenttrack" VALUES(15,'nonstaff','N',145,20);
INSERT INTO "cpm_readcommenttrack" VALUES(16,'naveena','Y',142,20);
INSERT INTO "cpm_readcommenttrack" VALUES(17,'test','N',142,20);
INSERT INTO "cpm_readcommenttrack" VALUES(18,'nonstaff','N',142,20);
INSERT INTO "cpm_readcommenttrack" VALUES(19,'naveena','Y',140,20);
INSERT INTO "cpm_readcommenttrack" VALUES(20,'test','N',140,20);
INSERT INTO "cpm_readcommenttrack" VALUES(21,'nonstaff','N',140,20);
INSERT INTO "cpm_readcommenttrack" VALUES(22,'naveena','N',142,20);
INSERT INTO "cpm_readcommenttrack" VALUES(23,'test','N',142,20);
INSERT INTO "cpm_readcommenttrack" VALUES(24,'nonstaff','N',142,20);
INSERT INTO "cpm_readcommenttrack" VALUES(25,'naveena','Y',145,20);
INSERT INTO "cpm_readcommenttrack" VALUES(26,'test','N',145,20);
INSERT INTO "cpm_readcommenttrack" VALUES(27,'nonstaff','N',145,20);
INSERT INTO "cpm_readcommenttrack" VALUES(28,'naveena','Y',144,20);
INSERT INTO "cpm_readcommenttrack" VALUES(29,'test','N',144,20);
INSERT INTO "cpm_readcommenttrack" VALUES(30,'nonstaff','N',144,20);
INSERT INTO "cpm_readcommenttrack" VALUES(31,'naveena','Y',141,20);
INSERT INTO "cpm_readcommenttrack" VALUES(32,'test','N',141,20);
INSERT INTO "cpm_readcommenttrack" VALUES(33,'nonstaff','N',141,20);
INSERT INTO "cpm_readcommenttrack" VALUES(34,'naveena','Y',152,20);
INSERT INTO "cpm_readcommenttrack" VALUES(35,'test','N',152,20);
INSERT INTO "cpm_readcommenttrack" VALUES(36,'nonstaff','N',152,20);
INSERT INTO "cpm_readcommenttrack" VALUES(37,'naveena','Y',152,20);
INSERT INTO "cpm_readcommenttrack" VALUES(38,'test','N',152,20);
INSERT INTO "cpm_readcommenttrack" VALUES(39,'nonstaff','N',152,20);
INSERT INTO "cpm_readcommenttrack" VALUES(40,'naveena','N',153,20);
INSERT INTO "cpm_readcommenttrack" VALUES(41,'test','N',153,20);
INSERT INTO "cpm_readcommenttrack" VALUES(42,'nonstaff','N',153,20);
INSERT INTO "cpm_readcommenttrack" VALUES(43,'naveena','Y',163,20);
INSERT INTO "cpm_readcommenttrack" VALUES(44,'test','N',163,20);
INSERT INTO "cpm_readcommenttrack" VALUES(45,'nonstaff','N',163,20);
INSERT INTO "cpm_readcommenttrack" VALUES(46,'naveena','Y',164,20);
INSERT INTO "cpm_readcommenttrack" VALUES(47,'test','N',164,20);
INSERT INTO "cpm_readcommenttrack" VALUES(48,'nonstaff','N',164,20);
INSERT INTO "cpm_readcommenttrack" VALUES(49,'naveena','Y',163,20);
INSERT INTO "cpm_readcommenttrack" VALUES(50,'test','N',163,20);
INSERT INTO "cpm_readcommenttrack" VALUES(51,'nonstaff','N',163,20);
INSERT INTO "cpm_readcommenttrack" VALUES(52,'naveena','Y',163,20);
INSERT INTO "cpm_readcommenttrack" VALUES(53,'test','N',163,20);
INSERT INTO "cpm_readcommenttrack" VALUES(54,'nonstaff','N',163,20);
INSERT INTO "cpm_readcommenttrack" VALUES(55,'naveena','Y',162,20);
INSERT INTO "cpm_readcommenttrack" VALUES(56,'test','N',162,20);
INSERT INTO "cpm_readcommenttrack" VALUES(57,'nonstaff','N',162,20);
INSERT INTO "cpm_readcommenttrack" VALUES(58,'naveena','Y',163,20);
INSERT INTO "cpm_readcommenttrack" VALUES(59,'test','N',163,20);
INSERT INTO "cpm_readcommenttrack" VALUES(60,'nonstaff','N',163,20);
INSERT INTO "cpm_readcommenttrack" VALUES(61,'naveena','Y',163,20);
INSERT INTO "cpm_readcommenttrack" VALUES(62,'test','N',163,20);
INSERT INTO "cpm_readcommenttrack" VALUES(63,'nonstaff','N',163,20);
INSERT INTO "cpm_readcommenttrack" VALUES(64,'naveena','Y',163,20);
INSERT INTO "cpm_readcommenttrack" VALUES(65,'test','N',163,20);
INSERT INTO "cpm_readcommenttrack" VALUES(66,'nonstaff','N',163,20);
INSERT INTO "cpm_readcommenttrack" VALUES(67,'naveena','N',163,20);
INSERT INTO "cpm_readcommenttrack" VALUES(68,'test','N',163,20);
INSERT INTO "cpm_readcommenttrack" VALUES(69,'nonstaff','N',163,20);
INSERT INTO "cpm_readcommenttrack" VALUES(70,'naveena','N',163,20);
INSERT INTO "cpm_readcommenttrack" VALUES(71,'test','N',163,20);
INSERT INTO "cpm_readcommenttrack" VALUES(72,'nonstaff','N',163,20);
INSERT INTO "cpm_readcommenttrack" VALUES(73,'naveena','N',163,20);
INSERT INTO "cpm_readcommenttrack" VALUES(74,'test','N',163,20);
INSERT INTO "cpm_readcommenttrack" VALUES(75,'nonstaff','N',163,20);
INSERT INTO "cpm_readcommenttrack" VALUES(76,'naveena','Y',162,20);
INSERT INTO "cpm_readcommenttrack" VALUES(77,'test','N',162,20);
INSERT INTO "cpm_readcommenttrack" VALUES(78,'nonstaff','N',162,20);
INSERT INTO "cpm_readcommenttrack" VALUES(79,'naveena','Y',161,20);
INSERT INTO "cpm_readcommenttrack" VALUES(80,'test','N',161,20);
INSERT INTO "cpm_readcommenttrack" VALUES(81,'nonstaff','N',161,20);
INSERT INTO "cpm_readcommenttrack" VALUES(82,'naveena','Y',160,20);
INSERT INTO "cpm_readcommenttrack" VALUES(83,'test','N',160,20);
INSERT INTO "cpm_readcommenttrack" VALUES(84,'nonstaff','N',160,20);
INSERT INTO "cpm_readcommenttrack" VALUES(85,'naveena','Y',154,20);
INSERT INTO "cpm_readcommenttrack" VALUES(86,'test','N',154,20);
INSERT INTO "cpm_readcommenttrack" VALUES(87,'nonstaff','N',154,20);
INSERT INTO "cpm_readcommenttrack" VALUES(88,'naveena','Y',152,20);
INSERT INTO "cpm_readcommenttrack" VALUES(89,'test','N',152,20);
INSERT INTO "cpm_readcommenttrack" VALUES(90,'nonstaff','N',152,20);
INSERT INTO "cpm_readcommenttrack" VALUES(91,'naveena','Y',152,20);
INSERT INTO "cpm_readcommenttrack" VALUES(92,'test','N',152,20);
INSERT INTO "cpm_readcommenttrack" VALUES(93,'nonstaff','N',152,20);
INSERT INTO "cpm_readcommenttrack" VALUES(94,'naveena','Y',169,20);
INSERT INTO "cpm_readcommenttrack" VALUES(95,'test','N',169,20);
INSERT INTO "cpm_readcommenttrack" VALUES(96,'nonstaff','N',169,20);
INSERT INTO "cpm_readcommenttrack" VALUES(97,'naveena','Y',168,20);
INSERT INTO "cpm_readcommenttrack" VALUES(98,'test','N',168,20);
INSERT INTO "cpm_readcommenttrack" VALUES(99,'nonstaff','N',168,20);
INSERT INTO "cpm_readcommenttrack" VALUES(100,'naveena','Y',167,20);
INSERT INTO "cpm_readcommenttrack" VALUES(101,'test','N',167,20);
INSERT INTO "cpm_readcommenttrack" VALUES(102,'nonstaff','N',167,20);
INSERT INTO "cpm_readcommenttrack" VALUES(103,'naveena','Y',169,20);
INSERT INTO "cpm_readcommenttrack" VALUES(104,'test','N',169,20);
INSERT INTO "cpm_readcommenttrack" VALUES(105,'nonstaff','N',169,20);
INSERT INTO "cpm_readcommenttrack" VALUES(106,'naveena','Y',168,20);
INSERT INTO "cpm_readcommenttrack" VALUES(107,'test','N',168,20);
INSERT INTO "cpm_readcommenttrack" VALUES(108,'nonstaff','N',168,20);
INSERT INTO "cpm_readcommenttrack" VALUES(109,'naveena','Y',167,20);
INSERT INTO "cpm_readcommenttrack" VALUES(110,'test','N',167,20);
INSERT INTO "cpm_readcommenttrack" VALUES(111,'nonstaff','N',167,20);
INSERT INTO "cpm_readcommenttrack" VALUES(112,'naveena','Y',166,20);
INSERT INTO "cpm_readcommenttrack" VALUES(113,'test','N',166,20);
INSERT INTO "cpm_readcommenttrack" VALUES(114,'nonstaff','N',166,20);
INSERT INTO "cpm_readcommenttrack" VALUES(115,'naveena','Y',165,20);
INSERT INTO "cpm_readcommenttrack" VALUES(116,'test','N',165,20);
INSERT INTO "cpm_readcommenttrack" VALUES(117,'nonstaff','N',165,20);
INSERT INTO "cpm_readcommenttrack" VALUES(118,'naveena','Y',152,20);
INSERT INTO "cpm_readcommenttrack" VALUES(119,'test','N',152,20);
INSERT INTO "cpm_readcommenttrack" VALUES(120,'nonstaff','N',152,20);
INSERT INTO "cpm_readcommenttrack" VALUES(121,'naveena','Y',169,20);
INSERT INTO "cpm_readcommenttrack" VALUES(122,'test','N',169,20);
INSERT INTO "cpm_readcommenttrack" VALUES(123,'nonstaff','N',169,20);
INSERT INTO "cpm_readcommenttrack" VALUES(124,'naveena','Y',169,20);
INSERT INTO "cpm_readcommenttrack" VALUES(125,'test','N',169,20);
INSERT INTO "cpm_readcommenttrack" VALUES(126,'nonstaff','N',169,20);
CREATE UNIQUE INDEX "auth_group_permissions_group_id_0cd325b0_uniq" ON "auth_group_permissions" ("group_id", "permission_id");
CREATE INDEX IF NOT EXISTS "auth_group_permissions_0e939a4f" ON "auth_group_permissions" ("group_id");
CREATE INDEX IF NOT EXISTS "auth_group_permissions_8373b171" ON "auth_group_permissions" ("permission_id");
CREATE UNIQUE INDEX "auth_user_groups_user_id_94350c0c_uniq" ON "auth_user_groups" ("user_id", "group_id");
CREATE INDEX IF NOT EXISTS "auth_user_groups_e8701ad4" ON "auth_user_groups" ("user_id");
CREATE INDEX IF NOT EXISTS "auth_user_groups_0e939a4f" ON "auth_user_groups" ("group_id");
CREATE UNIQUE INDEX "auth_user_user_permissions_user_id_14a6b632_uniq" ON "auth_user_user_permissions" ("user_id", "permission_id");
CREATE INDEX IF NOT EXISTS "auth_user_user_permissions_e8701ad4" ON "auth_user_user_permissions" ("user_id");
CREATE INDEX IF NOT EXISTS "auth_user_user_permissions_8373b171" ON "auth_user_user_permissions" ("permission_id");
CREATE INDEX IF NOT EXISTS "django_admin_log_417f1b1c" ON "django_admin_log" ("content_type_id");
CREATE INDEX IF NOT EXISTS "django_admin_log_e8701ad4" ON "django_admin_log" ("user_id");
CREATE UNIQUE INDEX "django_content_type_app_label_76bd3d3b_uniq" ON "django_content_type" ("app_label", "model");
CREATE UNIQUE INDEX "auth_permission_content_type_id_01ab375a_uniq" ON "auth_permission" ("content_type_id", "codename");
CREATE INDEX IF NOT EXISTS "auth_permission_417f1b1c" ON "auth_permission" ("content_type_id");
CREATE INDEX IF NOT EXISTS "django_session_de54fa62" ON "django_session" ("expire_date");
CREATE INDEX IF NOT EXISTS "cpm_stagesetting_6fa54945" ON "cpm_stagesetting" ("project_name_id");
CREATE INDEX IF NOT EXISTS "cpm_team_33fd710b" ON "cpm_team" ("member_role_id");
CREATE INDEX IF NOT EXISTS "cpm_team_6fa54945" ON "cpm_team" ("project_name_id");
CREATE INDEX IF NOT EXISTS "cpm_schedule_02c1725c" ON "cpm_schedule" ("assigned_to_id");
CREATE INDEX IF NOT EXISTS "cpm_schedule_6fa54945" ON "cpm_schedule" ("project_name_id");
CREATE INDEX IF NOT EXISTS "cpm_prototype_6fa54945" ON "cpm_prototype" ("project_name_id");
CREATE INDEX IF NOT EXISTS "cpm_schedulecomment_9bc70bb9" ON "cpm_schedulecomment" ("schedule_id");
CREATE INDEX IF NOT EXISTS "cpm_plan_6fa54945" ON "cpm_plan" ("project_name_id");
CREATE INDEX IF NOT EXISTS "cpm_materialcomment_eb4b9aaa" ON "cpm_materialcomment" ("material_id");
CREATE INDEX IF NOT EXISTS "cpm_trackinginfo_courier_id_id_250bdd28" ON "cpm_trackinginfo" ("courier_id_id");
CREATE INDEX IF NOT EXISTS "cpm_trackinginfo_material_id_789fe3e8" ON "cpm_trackinginfo" ("material_id");
CREATE INDEX IF NOT EXISTS "cpm_material_project_name_id_7a455a0b" ON "cpm_material" ("project_name_id");
CREATE INDEX IF NOT EXISTS "cpm_material_order_status_id_9626aa8a" ON "cpm_material" ("order_status_id");
CREATE INDEX IF NOT EXISTS "cpm_material_order_priority_id_7d2a64e8" ON "cpm_material" ("order_priority_id");
CREATE TABLE "cpm_role" ("id" integer NOT NULL PRIMARY KEY AUTOINCREMENT, "name" varchar(50) NOT NULL);
INSERT INTO "cpm_role" VALUES(1,'Project Manager');
INSERT INTO "cpm_role" VALUES(2,'Team Lead');
INSERT INTO "cpm_role" VALUES(3,'Developer');
INSERT INTO "cpm_role" VALUES(4,'UI Designer');
INSERT INTO "cpm_role" VALUES(5,'Database coder');
INSERT INTO "cpm_role" VALUES(6,'Consultant');
INSERT INTO "cpm_role" VALUES(7,'Client');
CREATE UNIQUE INDEX "auth_group_permissions_group_id_0cd325b0_uniq" ON "auth_group_permissions" ("group_id", "permission_id");
CREATE INDEX IF NOT EXISTS "auth_group_permissions_0e939a4f" ON "auth_group_permissions" ("group_id");
CREATE INDEX IF NOT EXISTS "auth_group_permissions_8373b171" ON "auth_group_permissions" ("permission_id");
CREATE UNIQUE INDEX "auth_user_groups_user_id_94350c0c_uniq" ON "auth_user_groups" ("user_id", "group_id");
CREATE INDEX IF NOT EXISTS "auth_user_groups_e8701ad4" ON "auth_user_groups" ("user_id");
CREATE INDEX IF NOT EXISTS "auth_user_groups_0e939a4f" ON "auth_user_groups" ("group_id");
CREATE UNIQUE INDEX "auth_user_user_permissions_user_id_14a6b632_uniq" ON "auth_user_user_permissions" ("user_id", "permission_id");
CREATE INDEX IF NOT EXISTS "auth_user_user_permissions_e8701ad4" ON "auth_user_user_permissions" ("user_id");
CREATE INDEX IF NOT EXISTS "auth_user_user_permissions_8373b171" ON "auth_user_user_permissions" ("permission_id");
CREATE INDEX IF NOT EXISTS "django_admin_log_417f1b1c" ON "django_admin_log" ("content_type_id");
CREATE INDEX IF NOT EXISTS "django_admin_log_e8701ad4" ON "django_admin_log" ("user_id");
CREATE UNIQUE INDEX "django_content_type_app_label_76bd3d3b_uniq" ON "django_content_type" ("app_label", "model");
CREATE UNIQUE INDEX "auth_permission_content_type_id_01ab375a_uniq" ON "auth_permission" ("content_type_id", "codename");
CREATE INDEX IF NOT EXISTS "auth_permission_417f1b1c" ON "auth_permission" ("content_type_id");
CREATE INDEX IF NOT EXISTS "django_session_de54fa62" ON "django_session" ("expire_date");
CREATE INDEX IF NOT EXISTS "cpm_stagesetting_6fa54945" ON "cpm_stagesetting" ("project_name_id");
CREATE INDEX IF NOT EXISTS "cpm_team_33fd710b" ON "cpm_team" ("member_role_id");
CREATE INDEX IF NOT EXISTS "cpm_team_6fa54945" ON "cpm_team" ("project_name_id");
CREATE INDEX IF NOT EXISTS "cpm_schedule_02c1725c" ON "cpm_schedule" ("assigned_to_id");
CREATE INDEX IF NOT EXISTS "cpm_schedule_6fa54945" ON "cpm_schedule" ("project_name_id");
CREATE INDEX IF NOT EXISTS "cpm_prototype_6fa54945" ON "cpm_prototype" ("project_name_id");
CREATE INDEX IF NOT EXISTS "cpm_schedulecomment_9bc70bb9" ON "cpm_schedulecomment" ("schedule_id");
CREATE INDEX IF NOT EXISTS "cpm_plan_6fa54945" ON "cpm_plan" ("project_name_id");
CREATE INDEX IF NOT EXISTS "cpm_materialcomment_eb4b9aaa" ON "cpm_materialcomment" ("material_id");
CREATE INDEX IF NOT EXISTS "cpm_trackinginfo_courier_id_id_250bdd28" ON "cpm_trackinginfo" ("courier_id_id");
CREATE INDEX IF NOT EXISTS "cpm_trackinginfo_material_id_789fe3e8" ON "cpm_trackinginfo" ("material_id");
CREATE INDEX IF NOT EXISTS "cpm_material_project_name_id_7a455a0b" ON "cpm_material" ("project_name_id");
CREATE INDEX IF NOT EXISTS "cpm_material_order_status_id_9626aa8a" ON "cpm_material" ("order_status_id");
CREATE INDEX IF NOT EXISTS "cpm_material_order_priority_id_7d2a64e8" ON "cpm_material" ("order_priority_id");
CREATE TABLE "cpm_schedule" ("id" integer NOT NULL PRIMARY KEY AUTOINCREMENT, "task_name" varchar(500) NOT NULL, "end_date" datetime NOT NULL, "assigned_to_id" integer NOT NULL REFERENCES "cpm_role" ("id"), "project_name_id" integer NOT NULL REFERENCES "cpm_project" ("id"), "start_date" datetime NOT NULL);
INSERT INTO "cpm_schedule" VALUES(4,'Meetups','2016-03-24 00:00:00',1,10,'2016-03-14 00:00:00');
INSERT INTO "cpm_schedule" VALUES(7,'UI mockups','2016-04-13 18:30:00',4,10,'2016-03-15 18:30:00');
INSERT INTO "cpm_schedule" VALUES(9,'Meetups','2016-04-21 18:30:00',1,11,'2016-03-07 18:30:00');
INSERT INTO "cpm_schedule" VALUES(10,'UI mockups','2016-03-25 18:30:00',4,11,'2016-02-29 18:30:00');
INSERT INTO "cpm_schedule" VALUES(11,'Documentation','2016-03-23 18:30:00',3,11,'2016-02-29 18:30:00');
INSERT INTO "cpm_schedule" VALUES(12,'Team Meet','2016-08-04 00:00:00',2,10,'2016-03-01 00:00:00');
INSERT INTO "cpm_schedule" VALUES(17,'Documentation','2016-03-28 18:30:00',3,20,'2016-03-07 18:30:00');
INSERT INTO "cpm_schedule" VALUES(18,'UI Design','2016-03-31 00:00:00',4,20,'2016-03-09 00:00:00');
INSERT INTO "cpm_schedule" VALUES(19,'Meetups','2016-04-22 00:00:00',1,20,'2016-03-01 00:00:00');
INSERT INTO "cpm_schedule" VALUES(23,'Database design','2016-04-23 00:00:00',5,20,'2016-03-01 00:00:00');
INSERT INTO "cpm_schedule" VALUES(24,'Documentation','2016-04-29 00:00:00',1,21,'2016-04-04 00:00:00');
INSERT INTO "cpm_schedule" VALUES(26,'Meetups','2016-04-19 00:00:00',1,21,'2016-04-04 00:00:00');
INSERT INTO "cpm_schedule" VALUES(27,'Documentation','2016-04-30 00:00:00',3,12,'2016-04-04 00:00:00');
INSERT INTO "cpm_schedule" VALUES(28,'Meetups','2016-04-30 00:00:00',1,22,'2016-04-04 00:00:00');
INSERT INTO "cpm_schedule" VALUES(29,'documentation','2017-04-17 00:00:00',1,10,'2017-04-04 00:00:00');
CREATE UNIQUE INDEX "auth_group_permissions_group_id_0cd325b0_uniq" ON "auth_group_permissions" ("group_id", "permission_id");
CREATE INDEX IF NOT EXISTS "auth_group_permissions_0e939a4f" ON "auth_group_permissions" ("group_id");
CREATE INDEX IF NOT EXISTS "auth_group_permissions_8373b171" ON "auth_group_permissions" ("permission_id");
CREATE UNIQUE INDEX "auth_user_groups_user_id_94350c0c_uniq" ON "auth_user_groups" ("user_id", "group_id");
CREATE INDEX IF NOT EXISTS "auth_user_groups_e8701ad4" ON "auth_user_groups" ("user_id");
CREATE INDEX IF NOT EXISTS "auth_user_groups_0e939a4f" ON "auth_user_groups" ("group_id");
CREATE UNIQUE INDEX "auth_user_user_permissions_user_id_14a6b632_uniq" ON "auth_user_user_permissions" ("user_id", "permission_id");
CREATE INDEX IF NOT EXISTS "auth_user_user_permissions_e8701ad4" ON "auth_user_user_permissions" ("user_id");
CREATE INDEX IF NOT EXISTS "auth_user_user_permissions_8373b171" ON "auth_user_user_permissions" ("permission_id");
CREATE INDEX IF NOT EXISTS "django_admin_log_417f1b1c" ON "django_admin_log" ("content_type_id");
CREATE INDEX IF NOT EXISTS "django_admin_log_e8701ad4" ON "django_admin_log" ("user_id");
CREATE UNIQUE INDEX "django_content_type_app_label_76bd3d3b_uniq" ON "django_content_type" ("app_label", "model");
CREATE UNIQUE INDEX "auth_permission_content_type_id_01ab375a_uniq" ON "auth_permission" ("content_type_id", "codename");
CREATE INDEX IF NOT EXISTS "auth_permission_417f1b1c" ON "auth_permission" ("content_type_id");
CREATE INDEX IF NOT EXISTS "django_session_de54fa62" ON "django_session" ("expire_date");
CREATE INDEX IF NOT EXISTS "cpm_stagesetting_6fa54945" ON "cpm_stagesetting" ("project_name_id");
CREATE INDEX IF NOT EXISTS "cpm_team_33fd710b" ON "cpm_team" ("member_role_id");
CREATE INDEX IF NOT EXISTS "cpm_team_6fa54945" ON "cpm_team" ("project_name_id");
CREATE INDEX IF NOT EXISTS "cpm_schedule_02c1725c" ON "cpm_schedule" ("assigned_to_id");
CREATE INDEX IF NOT EXISTS "cpm_schedule_6fa54945" ON "cpm_schedule" ("project_name_id");
CREATE INDEX IF NOT EXISTS "cpm_prototype_6fa54945" ON "cpm_prototype" ("project_name_id");
CREATE INDEX IF NOT EXISTS "cpm_schedulecomment_9bc70bb9" ON "cpm_schedulecomment" ("schedule_id");
CREATE INDEX IF NOT EXISTS "cpm_plan_6fa54945" ON "cpm_plan" ("project_name_id");
CREATE INDEX IF NOT EXISTS "cpm_materialcomment_eb4b9aaa" ON "cpm_materialcomment" ("material_id");
CREATE INDEX IF NOT EXISTS "cpm_trackinginfo_courier_id_id_250bdd28" ON "cpm_trackinginfo" ("courier_id_id");
CREATE INDEX IF NOT EXISTS "cpm_trackinginfo_material_id_789fe3e8" ON "cpm_trackinginfo" ("material_id");
CREATE INDEX IF NOT EXISTS "cpm_material_project_name_id_7a455a0b" ON "cpm_material" ("project_name_id");
CREATE INDEX IF NOT EXISTS "cpm_material_order_status_id_9626aa8a" ON "cpm_material" ("order_status_id");
CREATE INDEX IF NOT EXISTS "cpm_material_order_priority_id_7d2a64e8" ON "cpm_material" ("order_priority_id");
CREATE TABLE "cpm_schedulecomment" ("id" integer NOT NULL PRIMARY KEY AUTOINCREMENT, "author" varchar(200) NOT NULL, "commented_on" datetime NOT NULL, "comment" varchar(2000) NOT NULL, "schedule_id" integer NOT NULL REFERENCES "cpm_schedule" ("id"));
INSERT INTO "cpm_schedulecomment" VALUES(1,'naveena','2016-04-09 20:03:05.339000','hi there',17);
INSERT INTO "cpm_schedulecomment" VALUES(11,'naveena','2016-04-10 10:20:34.261000','have you finished the task?',17);
INSERT INTO "cpm_schedulecomment" VALUES(13,'naveena','2016-04-10 10:44:00.460000','jghkjhkjhhhjkhkhkjhhkjhkjhkjjkhkhvnbvvnbjghkjhkjhhhjkhkhkjhhkjhkjhkjjkhkhvnbvvnbjghkjhkjhhhjkhkhkjhhkjhkjhkjjkhkhvnbvvnbjghkjhkjhhhjkhkhkjhhkjhkjhkjjkhkhvnbvvnbjghkjhkjhhhjkhkhkjhhkjhkjhkjjkhkhvnbvvnbjghkjhkjhhhjkhkhkjhhkjhkjhkjjkhkhvnbvvnbjghkjhkjhhhjkhkhkjhhkjhkjhkjjkhkhvnbvvnbjghkjhkjhhhjkhkhkjhhkjhkjhkjjkhkhvnbvvnbjghkjhkjhhhjkhkhkjhhkjhkjhkjjkhkhvnbvvnb
',17);
INSERT INTO "cpm_schedulecomment" VALUES(14,'naveena','2016-04-10 11:01:20.630000','hello there',17);
INSERT INTO "cpm_schedulecomment" VALUES(15,'naveena','2016-04-10 11:05:02.819000','hello there',17);
INSERT INTO "cpm_schedulecomment" VALUES(16,'naveena','2016-04-10 18:50:03.219000','What is the status?',18);
CREATE UNIQUE INDEX "auth_group_permissions_group_id_0cd325b0_uniq" ON "auth_group_permissions" ("group_id", "permission_id");
CREATE INDEX IF NOT EXISTS "auth_group_permissions_0e939a4f" ON "auth_group_permissions" ("group_id");
CREATE INDEX IF NOT EXISTS "auth_group_permissions_8373b171" ON "auth_group_permissions" ("permission_id");
CREATE UNIQUE INDEX "auth_user_groups_user_id_94350c0c_uniq" ON "auth_user_groups" ("user_id", "group_id");
CREATE INDEX IF NOT EXISTS "auth_user_groups_e8701ad4" ON "auth_user_groups" ("user_id");
CREATE INDEX IF NOT EXISTS "auth_user_groups_0e939a4f" ON "auth_user_groups" ("group_id");
CREATE UNIQUE INDEX "auth_user_user_permissions_user_id_14a6b632_uniq" ON "auth_user_user_permissions" ("user_id", "permission_id");
CREATE INDEX IF NOT EXISTS "auth_user_user_permissions_e8701ad4" ON "auth_user_user_permissions" ("user_id");
CREATE INDEX IF NOT EXISTS "auth_user_user_permissions_8373b171" ON "auth_user_user_permissions" ("permission_id");
CREATE INDEX IF NOT EXISTS "django_admin_log_417f1b1c" ON "django_admin_log" ("content_type_id");
CREATE INDEX IF NOT EXISTS "django_admin_log_e8701ad4" ON "django_admin_log" ("user_id");
CREATE UNIQUE INDEX "django_content_type_app_label_76bd3d3b_uniq" ON "django_content_type" ("app_label", "model");
CREATE UNIQUE INDEX "auth_permission_content_type_id_01ab375a_uniq" ON "auth_permission" ("content_type_id", "codename");
CREATE INDEX IF NOT EXISTS "auth_permission_417f1b1c" ON "auth_permission" ("content_type_id");
CREATE INDEX IF NOT EXISTS "django_session_de54fa62" ON "django_session" ("expire_date");
CREATE INDEX IF NOT EXISTS "cpm_stagesetting_6fa54945" ON "cpm_stagesetting" ("project_name_id");
CREATE INDEX IF NOT EXISTS "cpm_team_33fd710b" ON "cpm_team" ("member_role_id");
CREATE INDEX IF NOT EXISTS "cpm_team_6fa54945" ON "cpm_team" ("project_name_id");
CREATE INDEX IF NOT EXISTS "cpm_schedule_02c1725c" ON "cpm_schedule" ("assigned_to_id");
CREATE INDEX IF NOT EXISTS "cpm_schedule_6fa54945" ON "cpm_schedule" ("project_name_id");
CREATE INDEX IF NOT EXISTS "cpm_prototype_6fa54945" ON "cpm_prototype" ("project_name_id");
CREATE INDEX IF NOT EXISTS "cpm_schedulecomment_9bc70bb9" ON "cpm_schedulecomment" ("schedule_id");
CREATE INDEX IF NOT EXISTS "cpm_plan_6fa54945" ON "cpm_plan" ("project_name_id");
CREATE INDEX IF NOT EXISTS "cpm_materialcomment_eb4b9aaa" ON "cpm_materialcomment" ("material_id");
CREATE INDEX IF NOT EXISTS "cpm_trackinginfo_courier_id_id_250bdd28" ON "cpm_trackinginfo" ("courier_id_id");
CREATE INDEX IF NOT EXISTS "cpm_trackinginfo_material_id_789fe3e8" ON "cpm_trackinginfo" ("material_id");
CREATE INDEX IF NOT EXISTS "cpm_material_project_name_id_7a455a0b" ON "cpm_material" ("project_name_id");
CREATE INDEX IF NOT EXISTS "cpm_material_order_status_id_9626aa8a" ON "cpm_material" ("order_status_id");
CREATE INDEX IF NOT EXISTS "cpm_material_order_priority_id_7d2a64e8" ON "cpm_material" ("order_priority_id");
CREATE TABLE "cpm_signup" ("id" integer NOT NULL PRIMARY KEY AUTOINCREMENT, "email" varchar(254) NOT NULL, "first_name" varchar(20) NOT NULL, "last_name" varchar(20) NOT NULL, "timestamp" datetime NOT NULL, "updated" datetime NOT NULL);
INSERT INTO "cpm_signup" VALUES(1,'sweet@gmail.com','Sweet','Admin','2016-02-26 19:40:00.965000','2016-02-26 19:41:21.332000');
INSERT INTO "cpm_signup" VALUES(2,'abc@gmail.com','abc23423','efg23434','2016-02-27 04:20:40.554000','2016-02-27 04:50:05.846000');
INSERT INTO "cpm_signup" VALUES(3,'sdfsd@gmail.com','sdfsf','sdfsdf','2016-02-27 05:41:36.681000','2016-02-27 05:41:36.681000');
INSERT INTO "cpm_signup" VALUES(4,'test@gmail.com','test','test','2016-02-27 05:53:35.813000','2016-02-27 05:53:35.814000');
CREATE UNIQUE INDEX "auth_group_permissions_group_id_0cd325b0_uniq" ON "auth_group_permissions" ("group_id", "permission_id");
CREATE INDEX IF NOT EXISTS "auth_group_permissions_0e939a4f" ON "auth_group_permissions" ("group_id");
CREATE INDEX IF NOT EXISTS "auth_group_permissions_8373b171" ON "auth_group_permissions" ("permission_id");
CREATE UNIQUE INDEX "auth_user_groups_user_id_94350c0c_uniq" ON "auth_user_groups" ("user_id", "group_id");
CREATE INDEX IF NOT EXISTS "auth_user_groups_e8701ad4" ON "auth_user_groups" ("user_id");
CREATE INDEX IF NOT EXISTS "auth_user_groups_0e939a4f" ON "auth_user_groups" ("group_id");
CREATE UNIQUE INDEX "auth_user_user_permissions_user_id_14a6b632_uniq" ON "auth_user_user_permissions" ("user_id", "permission_id");
CREATE INDEX IF NOT EXISTS "auth_user_user_permissions_e8701ad4" ON "auth_user_user_permissions" ("user_id");
CREATE INDEX IF NOT EXISTS "auth_user_user_permissions_8373b171" ON "auth_user_user_permissions" ("permission_id");
CREATE INDEX IF NOT EXISTS "django_admin_log_417f1b1c" ON "django_admin_log" ("content_type_id");
CREATE INDEX IF NOT EXISTS "django_admin_log_e8701ad4" ON "django_admin_log" ("user_id");
CREATE UNIQUE INDEX "django_content_type_app_label_76bd3d3b_uniq" ON "django_content_type" ("app_label", "model");
CREATE UNIQUE INDEX "auth_permission_content_type_id_01ab375a_uniq" ON "auth_permission" ("content_type_id", "codename");
CREATE INDEX IF NOT EXISTS "auth_permission_417f1b1c" ON "auth_permission" ("content_type_id");
CREATE INDEX IF NOT EXISTS "django_session_de54fa62" ON "django_session" ("expire_date");
CREATE INDEX IF NOT EXISTS "cpm_stagesetting_6fa54945" ON "cpm_stagesetting" ("project_name_id");
CREATE INDEX IF NOT EXISTS "cpm_team_33fd710b" ON "cpm_team" ("member_role_id");
CREATE INDEX IF NOT EXISTS "cpm_team_6fa54945" ON "cpm_team" ("project_name_id");
CREATE INDEX IF NOT EXISTS "cpm_schedule_02c1725c" ON "cpm_schedule" ("assigned_to_id");
CREATE INDEX IF NOT EXISTS "cpm_schedule_6fa54945" ON "cpm_schedule" ("project_name_id");
CREATE INDEX IF NOT EXISTS "cpm_prototype_6fa54945" ON "cpm_prototype" ("project_name_id");
CREATE INDEX IF NOT EXISTS "cpm_schedulecomment_9bc70bb9" ON "cpm_schedulecomment" ("schedule_id");
CREATE INDEX IF NOT EXISTS "cpm_plan_6fa54945" ON "cpm_plan" ("project_name_id");
CREATE INDEX IF NOT EXISTS "cpm_materialcomment_eb4b9aaa" ON "cpm_materialcomment" ("material_id");
CREATE INDEX IF NOT EXISTS "cpm_trackinginfo_courier_id_id_250bdd28" ON "cpm_trackinginfo" ("courier_id_id");
CREATE INDEX IF NOT EXISTS "cpm_trackinginfo_material_id_789fe3e8" ON "cpm_trackinginfo" ("material_id");
CREATE INDEX IF NOT EXISTS "cpm_material_project_name_id_7a455a0b" ON "cpm_material" ("project_name_id");
CREATE INDEX IF NOT EXISTS "cpm_material_order_status_id_9626aa8a" ON "cpm_material" ("order_status_id");
CREATE INDEX IF NOT EXISTS "cpm_material_order_priority_id_7d2a64e8" ON "cpm_material" ("order_priority_id");
CREATE TABLE "cpm_stage" ("id" integer NOT NULL PRIMARY KEY AUTOINCREMENT, "stage_number" integer NOT NULL, "stage_item" varchar(500) NOT NULL UNIQUE);
INSERT INTO "cpm_stage" VALUES(1,1,'Project Plan Submission');
INSERT INTO "cpm_stage" VALUES(2,1,'Business Plan Submission');
INSERT INTO "cpm_stage" VALUES(3,1,'Team Formation');
INSERT INTO "cpm_stage" VALUES(4,1,'Project Schedule Finalisation');
INSERT INTO "cpm_stage" VALUES(5,2,'Material Procurement');
INSERT INTO "cpm_stage" VALUES(6,2,'Order Placed');
INSERT INTO "cpm_stage" VALUES(7,2,'Order Approved');
INSERT INTO "cpm_stage" VALUES(8,2,'Order Received');
INSERT INTO "cpm_stage" VALUES(9,3,'Prototype Completion');
INSERT INTO "cpm_stage" VALUES(10,3,'Integration');
INSERT INTO "cpm_stage" VALUES(11,3,'Testing');
INSERT INTO "cpm_stage" VALUES(12,3,'Deployment');
INSERT INTO "cpm_stage" VALUES(13,3,'Feedback Received');
CREATE UNIQUE INDEX "auth_group_permissions_group_id_0cd325b0_uniq" ON "auth_group_permissions" ("group_id", "permission_id");
CREATE INDEX IF NOT EXISTS "auth_group_permissions_0e939a4f" ON "auth_group_permissions" ("group_id");
CREATE INDEX IF NOT EXISTS "auth_group_permissions_8373b171" ON "auth_group_permissions" ("permission_id");
CREATE UNIQUE INDEX "auth_user_groups_user_id_94350c0c_uniq" ON "auth_user_groups" ("user_id", "group_id");
CREATE INDEX IF NOT EXISTS "auth_user_groups_e8701ad4" ON "auth_user_groups" ("user_id");
CREATE INDEX IF NOT EXISTS "auth_user_groups_0e939a4f" ON "auth_user_groups" ("group_id");
CREATE UNIQUE INDEX "auth_user_user_permissions_user_id_14a6b632_uniq" ON "auth_user_user_permissions" ("user_id", "permission_id");
CREATE INDEX IF NOT EXISTS "auth_user_user_permissions_e8701ad4" ON "auth_user_user_permissions" ("user_id");
CREATE INDEX IF NOT EXISTS "auth_user_user_permissions_8373b171" ON "auth_user_user_permissions" ("permission_id");
CREATE INDEX IF NOT EXISTS "django_admin_log_417f1b1c" ON "django_admin_log" ("content_type_id");
CREATE INDEX IF NOT EXISTS "django_admin_log_e8701ad4" ON "django_admin_log" ("user_id");
CREATE UNIQUE INDEX "django_content_type_app_label_76bd3d3b_uniq" ON "django_content_type" ("app_label", "model");
CREATE UNIQUE INDEX "auth_permission_content_type_id_01ab375a_uniq" ON "auth_permission" ("content_type_id", "codename");
CREATE INDEX IF NOT EXISTS "auth_permission_417f1b1c" ON "auth_permission" ("content_type_id");
CREATE INDEX IF NOT EXISTS "django_session_de54fa62" ON "django_session" ("expire_date");
CREATE INDEX IF NOT EXISTS "cpm_stagesetting_6fa54945" ON "cpm_stagesetting" ("project_name_id");
CREATE INDEX IF NOT EXISTS "cpm_team_33fd710b" ON "cpm_team" ("member_role_id");
CREATE INDEX IF NOT EXISTS "cpm_team_6fa54945" ON "cpm_team" ("project_name_id");
CREATE INDEX IF NOT EXISTS "cpm_schedule_02c1725c" ON "cpm_schedule" ("assigned_to_id");
CREATE INDEX IF NOT EXISTS "cpm_schedule_6fa54945" ON "cpm_schedule" ("project_name_id");
CREATE INDEX IF NOT EXISTS "cpm_prototype_6fa54945" ON "cpm_prototype" ("project_name_id");
CREATE INDEX IF NOT EXISTS "cpm_schedulecomment_9bc70bb9" ON "cpm_schedulecomment" ("schedule_id");
CREATE INDEX IF NOT EXISTS "cpm_plan_6fa54945" ON "cpm_plan" ("project_name_id");
CREATE INDEX IF NOT EXISTS "cpm_materialcomment_eb4b9aaa" ON "cpm_materialcomment" ("material_id");
CREATE INDEX IF NOT EXISTS "cpm_trackinginfo_courier_id_id_250bdd28" ON "cpm_trackinginfo" ("courier_id_id");
CREATE INDEX IF NOT EXISTS "cpm_trackinginfo_material_id_789fe3e8" ON "cpm_trackinginfo" ("material_id");
CREATE INDEX IF NOT EXISTS "cpm_material_project_name_id_7a455a0b" ON "cpm_material" ("project_name_id");
CREATE INDEX IF NOT EXISTS "cpm_material_order_status_id_9626aa8a" ON "cpm_material" ("order_status_id");
CREATE INDEX IF NOT EXISTS "cpm_material_order_priority_id_7d2a64e8" ON "cpm_material" ("order_priority_id");
CREATE TABLE "cpm_stagesetting" ("id" integer NOT NULL PRIMARY KEY AUTOINCREMENT, "checked_items" varchar(1000) NOT NULL, "project_name_id" integer NOT NULL REFERENCES "cpm_project" ("id"), "total_true_checks" integer NOT NULL);
INSERT INTO "cpm_stagesetting" VALUES(1,'[''1'', ''2'', ''3'', ''4'', ''5'']',10,5);
INSERT INTO "cpm_stagesetting" VALUES(3,'[''1'', ''2'', ''3'', ''4'', ''5'']',11,5);
INSERT INTO "cpm_stagesetting" VALUES(4,'[''5'', ''6'', ''7'', ''8'', ''9'', ''10'', ''11'', ''12'', ''13'']',12,9);
INSERT INTO "cpm_stagesetting" VALUES(6,'[''1'', ''2'', ''3'']',18,3);
INSERT INTO "cpm_stagesetting" VALUES(7,'[''1'', ''2'', ''3'', ''4'', ''5'', ''6'', ''7'']',20,7);
INSERT INTO "cpm_stagesetting" VALUES(8,'[''3'', ''6'']',21,2);
INSERT INTO "cpm_stagesetting" VALUES(9,'[''3'']',22,1);
CREATE UNIQUE INDEX "auth_group_permissions_group_id_0cd325b0_uniq" ON "auth_group_permissions" ("group_id", "permission_id");
CREATE INDEX IF NOT EXISTS "auth_group_permissions_0e939a4f" ON "auth_group_permissions" ("group_id");
CREATE INDEX IF NOT EXISTS "auth_group_permissions_8373b171" ON "auth_group_permissions" ("permission_id");
CREATE UNIQUE INDEX "auth_user_groups_user_id_94350c0c_uniq" ON "auth_user_groups" ("user_id", "group_id");
CREATE INDEX IF NOT EXISTS "auth_user_groups_e8701ad4" ON "auth_user_groups" ("user_id");
CREATE INDEX IF NOT EXISTS "auth_user_groups_0e939a4f" ON "auth_user_groups" ("group_id");
CREATE UNIQUE INDEX "auth_user_user_permissions_user_id_14a6b632_uniq" ON "auth_user_user_permissions" ("user_id", "permission_id");
CREATE INDEX IF NOT EXISTS "auth_user_user_permissions_e8701ad4" ON "auth_user_user_permissions" ("user_id");
CREATE INDEX IF NOT EXISTS "auth_user_user_permissions_8373b171" ON "auth_user_user_permissions" ("permission_id");
CREATE INDEX IF NOT EXISTS "django_admin_log_417f1b1c" ON "django_admin_log" ("content_type_id");
CREATE INDEX IF NOT EXISTS "django_admin_log_e8701ad4" ON "django_admin_log" ("user_id");
CREATE UNIQUE INDEX "django_content_type_app_label_76bd3d3b_uniq" ON "django_content_type" ("app_label", "model");
CREATE UNIQUE INDEX "auth_permission_content_type_id_01ab375a_uniq" ON "auth_permission" ("content_type_id", "codename");
CREATE INDEX IF NOT EXISTS "auth_permission_417f1b1c" ON "auth_permission" ("content_type_id");
CREATE INDEX IF NOT EXISTS "django_session_de54fa62" ON "django_session" ("expire_date");
CREATE INDEX IF NOT EXISTS "cpm_stagesetting_6fa54945" ON "cpm_stagesetting" ("project_name_id");
CREATE INDEX IF NOT EXISTS "cpm_team_33fd710b" ON "cpm_team" ("member_role_id");
CREATE INDEX IF NOT EXISTS "cpm_team_6fa54945" ON "cpm_team" ("project_name_id");
CREATE INDEX IF NOT EXISTS "cpm_schedule_02c1725c" ON "cpm_schedule" ("assigned_to_id");
CREATE INDEX IF NOT EXISTS "cpm_schedule_6fa54945" ON "cpm_schedule" ("project_name_id");
CREATE INDEX IF NOT EXISTS "cpm_prototype_6fa54945" ON "cpm_prototype" ("project_name_id");
CREATE INDEX IF NOT EXISTS "cpm_schedulecomment_9bc70bb9" ON "cpm_schedulecomment" ("schedule_id");
CREATE INDEX IF NOT EXISTS "cpm_plan_6fa54945" ON "cpm_plan" ("project_name_id");
CREATE INDEX IF NOT EXISTS "cpm_materialcomment_eb4b9aaa" ON "cpm_materialcomment" ("material_id");
CREATE INDEX IF NOT EXISTS "cpm_trackinginfo_courier_id_id_250bdd28" ON "cpm_trackinginfo" ("courier_id_id");
CREATE INDEX IF NOT EXISTS "cpm_trackinginfo_material_id_789fe3e8" ON "cpm_trackinginfo" ("material_id");
CREATE INDEX IF NOT EXISTS "cpm_material_project_name_id_7a455a0b" ON "cpm_material" ("project_name_id");
CREATE INDEX IF NOT EXISTS "cpm_material_order_status_id_9626aa8a" ON "cpm_material" ("order_status_id");
CREATE INDEX IF NOT EXISTS "cpm_material_order_priority_id_7d2a64e8" ON "cpm_material" ("order_priority_id");
CREATE TABLE "cpm_team" ("id" integer NOT NULL PRIMARY KEY AUTOINCREMENT, "member_name" varchar(50) NOT NULL, "member_role_id" integer NOT NULL REFERENCES "cpm_role" ("id"), "project_name_id" integer NOT NULL REFERENCES "cpm_project" ("id"));
INSERT INTO "cpm_team" VALUES(1,'John',1,12);
INSERT INTO "cpm_team" VALUES(3,'David',7,12);
INSERT INTO "cpm_team" VALUES(4,'Keith',3,12);
INSERT INTO "cpm_team" VALUES(5,'Karen',3,12);
INSERT INTO "cpm_team" VALUES(6,'Keith',3,10);
INSERT INTO "cpm_team" VALUES(7,'Karen Low',6,11);
INSERT INTO "cpm_team" VALUES(8,'Mark Smith',2,11);
INSERT INTO "cpm_team" VALUES(9,'Steve',1,11);
INSERT INTO "cpm_team" VALUES(10,'John Mark',4,11);
INSERT INTO "cpm_team" VALUES(13,'John Doe',1,18);
INSERT INTO "cpm_team" VALUES(14,'Krish Mahel',2,18);
INSERT INTO "cpm_team" VALUES(16,'Mishika',3,18);
INSERT INTO "cpm_team" VALUES(17,'Krish',6,20);
INSERT INTO "cpm_team" VALUES(19,'Chris',3,20);
INSERT INTO "cpm_team" VALUES(20,'Karen',4,20);
INSERT INTO "cpm_team" VALUES(21,'Karen',1,21);
INSERT INTO "cpm_team" VALUES(22,'Matt',7,20);
INSERT INTO "cpm_team" VALUES(23,'Matt',1,22);
INSERT INTO "cpm_team" VALUES(24,'Matt',5,12);
CREATE UNIQUE INDEX "auth_group_permissions_group_id_0cd325b0_uniq" ON "auth_group_permissions" ("group_id", "permission_id");
CREATE INDEX IF NOT EXISTS "auth_group_permissions_0e939a4f" ON "auth_group_permissions" ("group_id");
CREATE INDEX IF NOT EXISTS "auth_group_permissions_8373b171" ON "auth_group_permissions" ("permission_id");
CREATE UNIQUE INDEX "auth_user_groups_user_id_94350c0c_uniq" ON "auth_user_groups" ("user_id", "group_id");
CREATE INDEX IF NOT EXISTS "auth_user_groups_e8701ad4" ON "auth_user_groups" ("user_id");
CREATE INDEX IF NOT EXISTS "auth_user_groups_0e939a4f" ON "auth_user_groups" ("group_id");
CREATE UNIQUE INDEX "auth_user_user_permissions_user_id_14a6b632_uniq" ON "auth_user_user_permissions" ("user_id", "permission_id");
CREATE INDEX IF NOT EXISTS "auth_user_user_permissions_e8701ad4" ON "auth_user_user_permissions" ("user_id");
CREATE INDEX IF NOT EXISTS "auth_user_user_permissions_8373b171" ON "auth_user_user_permissions" ("permission_id");
CREATE INDEX IF NOT EXISTS "django_admin_log_417f1b1c" ON "django_admin_log" ("content_type_id");
CREATE INDEX IF NOT EXISTS "django_admin_log_e8701ad4" ON "django_admin_log" ("user_id");
CREATE UNIQUE INDEX "django_content_type_app_label_76bd3d3b_uniq" ON "django_content_type" ("app_label", "model");
CREATE UNIQUE INDEX "auth_permission_content_type_id_01ab375a_uniq" ON "auth_permission" ("content_type_id", "codename");
CREATE INDEX IF NOT EXISTS "auth_permission_417f1b1c" ON "auth_permission" ("content_type_id");
CREATE INDEX IF NOT EXISTS "django_session_de54fa62" ON "django_session" ("expire_date");
CREATE INDEX IF NOT EXISTS "cpm_stagesetting_6fa54945" ON "cpm_stagesetting" ("project_name_id");
CREATE INDEX IF NOT EXISTS "cpm_team_33fd710b" ON "cpm_team" ("member_role_id");
CREATE INDEX IF NOT EXISTS "cpm_team_6fa54945" ON "cpm_team" ("project_name_id");
CREATE INDEX IF NOT EXISTS "cpm_schedule_02c1725c" ON "cpm_schedule" ("assigned_to_id");
CREATE INDEX IF NOT EXISTS "cpm_schedule_6fa54945" ON "cpm_schedule" ("project_name_id");
CREATE INDEX IF NOT EXISTS "cpm_prototype_6fa54945" ON "cpm_prototype" ("project_name_id");
CREATE INDEX IF NOT EXISTS "cpm_schedulecomment_9bc70bb9" ON "cpm_schedulecomment" ("schedule_id");
CREATE INDEX IF NOT EXISTS "cpm_plan_6fa54945" ON "cpm_plan" ("project_name_id");
CREATE INDEX IF NOT EXISTS "cpm_materialcomment_eb4b9aaa" ON "cpm_materialcomment" ("material_id");
CREATE INDEX IF NOT EXISTS "cpm_trackinginfo_courier_id_id_250bdd28" ON "cpm_trackinginfo" ("courier_id_id");
CREATE INDEX IF NOT EXISTS "cpm_trackinginfo_material_id_789fe3e8" ON "cpm_trackinginfo" ("material_id");
CREATE INDEX IF NOT EXISTS "cpm_material_project_name_id_7a455a0b" ON "cpm_material" ("project_name_id");
CREATE INDEX IF NOT EXISTS "cpm_material_order_status_id_9626aa8a" ON "cpm_material" ("order_status_id");
CREATE INDEX IF NOT EXISTS "cpm_material_order_priority_id_7d2a64e8" ON "cpm_material" ("order_priority_id");
CREATE TABLE "cpm_trackinginfo" ("id" integer NOT NULL PRIMARY KEY AUTOINCREMENT, "tracking_no" varchar(50) NOT NULL, "added_on" datetime NOT NULL, "courier_id_id" integer NOT NULL REFERENCES "cpm_courier" ("id"), "material_id" integer NOT NULL REFERENCES "cpm_material" ("id"));
INSERT INTO "cpm_trackinginfo" VALUES(15,'z29060416','2017-07-11 08:16:11.589000',521,1);
INSERT INTO "cpm_trackinginfo" VALUES(16,'z29060418','2017-07-11 08:20:31.263000',521,4);
CREATE UNIQUE INDEX "auth_group_permissions_group_id_0cd325b0_uniq" ON "auth_group_permissions" ("group_id", "permission_id");
CREATE INDEX IF NOT EXISTS "auth_group_permissions_0e939a4f" ON "auth_group_permissions" ("group_id");
CREATE INDEX IF NOT EXISTS "auth_group_permissions_8373b171" ON "auth_group_permissions" ("permission_id");
CREATE UNIQUE INDEX "auth_user_groups_user_id_94350c0c_uniq" ON "auth_user_groups" ("user_id", "group_id");
CREATE INDEX IF NOT EXISTS "auth_user_groups_e8701ad4" ON "auth_user_groups" ("user_id");
CREATE INDEX IF NOT EXISTS "auth_user_groups_0e939a4f" ON "auth_user_groups" ("group_id");
CREATE UNIQUE INDEX "auth_user_user_permissions_user_id_14a6b632_uniq" ON "auth_user_user_permissions" ("user_id", "permission_id");
CREATE INDEX IF NOT EXISTS "auth_user_user_permissions_e8701ad4" ON "auth_user_user_permissions" ("user_id");
CREATE INDEX IF NOT EXISTS "auth_user_user_permissions_8373b171" ON "auth_user_user_permissions" ("permission_id");
CREATE INDEX IF NOT EXISTS "django_admin_log_417f1b1c" ON "django_admin_log" ("content_type_id");
CREATE INDEX IF NOT EXISTS "django_admin_log_e8701ad4" ON "django_admin_log" ("user_id");
CREATE UNIQUE INDEX "django_content_type_app_label_76bd3d3b_uniq" ON "django_content_type" ("app_label", "model");
CREATE UNIQUE INDEX "auth_permission_content_type_id_01ab375a_uniq" ON "auth_permission" ("content_type_id", "codename");
CREATE INDEX IF NOT EXISTS "auth_permission_417f1b1c" ON "auth_permission" ("content_type_id");
CREATE INDEX IF NOT EXISTS "django_session_de54fa62" ON "django_session" ("expire_date");
CREATE INDEX IF NOT EXISTS "cpm_stagesetting_6fa54945" ON "cpm_stagesetting" ("project_name_id");
CREATE INDEX IF NOT EXISTS "cpm_team_33fd710b" ON "cpm_team" ("member_role_id");
CREATE INDEX IF NOT EXISTS "cpm_team_6fa54945" ON "cpm_team" ("project_name_id");
CREATE INDEX IF NOT EXISTS "cpm_schedule_02c1725c" ON "cpm_schedule" ("assigned_to_id");
CREATE INDEX IF NOT EXISTS "cpm_schedule_6fa54945" ON "cpm_schedule" ("project_name_id");
CREATE INDEX IF NOT EXISTS "cpm_prototype_6fa54945" ON "cpm_prototype" ("project_name_id");
CREATE INDEX IF NOT EXISTS "cpm_schedulecomment_9bc70bb9" ON "cpm_schedulecomment" ("schedule_id");
CREATE INDEX IF NOT EXISTS "cpm_plan_6fa54945" ON "cpm_plan" ("project_name_id");
CREATE INDEX IF NOT EXISTS "cpm_materialcomment_eb4b9aaa" ON "cpm_materialcomment" ("material_id");
CREATE INDEX IF NOT EXISTS "cpm_trackinginfo_courier_id_id_250bdd28" ON "cpm_trackinginfo" ("courier_id_id");
CREATE INDEX IF NOT EXISTS "cpm_trackinginfo_material_id_789fe3e8" ON "cpm_trackinginfo" ("material_id");
CREATE INDEX IF NOT EXISTS "cpm_material_project_name_id_7a455a0b" ON "cpm_material" ("project_name_id");
CREATE INDEX IF NOT EXISTS "cpm_material_order_status_id_9626aa8a" ON "cpm_material" ("order_status_id");
CREATE INDEX IF NOT EXISTS "cpm_material_order_priority_id_7d2a64e8" ON "cpm_material" ("order_priority_id");
CREATE TABLE "cpm_vendorlist" ("id" integer NOT NULL PRIMARY KEY AUTOINCREMENT, "vendor_name" varchar(200) NOT NULL, "GSTIN" varchar(200) NULL, "address" varchar(200) NULL, "contact_num" integer NULL, "contact_person" varchar(200) NULL, "website" varchar(200) NULL);
INSERT INTO "cpm_vendorlist" VALUES(2,'Ebay',NULL,NULL,NULL,NULL,NULL);
INSERT INTO "cpm_vendorlist" VALUES(3,'Amazon',NULL,NULL,NULL,NULL,NULL);
INSERT INTO "cpm_vendorlist" VALUES(6,'3dPrintronics',NULL,NULL,NULL,NULL,'http://3dprintronics.com/');
INSERT INTO "cpm_vendorlist" VALUES(9,'Unknown','Unknown','unknown',NULL,'','');
INSERT INTO "cpm_vendorlist" VALUES(10,'Spare Parts','','Trivandrum',NULL,'','');
INSERT INTO "cpm_vendorlist" VALUES(13,'pothyssuperstores','','',9999999999,'','');
INSERT INTO "cpm_vendorlist" VALUES(14,'amazon','','',9999999999,'','');
INSERT INTO "cpm_vendorlist" VALUES(15,'D','','',9999999999,'','');
INSERT INTO "cpm_vendorlist" VALUES(16,'Q','','',9999999999,'','');
INSERT INTO "cpm_vendorlist" VALUES(17,'M','','',9999999999,'','');
INSERT INTO "cpm_vendorlist" VALUES(18,'N','','',9999999999,'','');
CREATE UNIQUE INDEX "auth_group_permissions_group_id_0cd325b0_uniq" ON "auth_group_permissions" ("group_id", "permission_id");
CREATE INDEX IF NOT EXISTS "auth_group_permissions_0e939a4f" ON "auth_group_permissions" ("group_id");
CREATE INDEX IF NOT EXISTS "auth_group_permissions_8373b171" ON "auth_group_permissions" ("permission_id");
CREATE UNIQUE INDEX "auth_user_groups_user_id_94350c0c_uniq" ON "auth_user_groups" ("user_id", "group_id");
CREATE INDEX IF NOT EXISTS "auth_user_groups_e8701ad4" ON "auth_user_groups" ("user_id");
CREATE INDEX IF NOT EXISTS "auth_user_groups_0e939a4f" ON "auth_user_groups" ("group_id");
CREATE UNIQUE INDEX "auth_user_user_permissions_user_id_14a6b632_uniq" ON "auth_user_user_permissions" ("user_id", "permission_id");
CREATE INDEX IF NOT EXISTS "auth_user_user_permissions_e8701ad4" ON "auth_user_user_permissions" ("user_id");
CREATE INDEX IF NOT EXISTS "auth_user_user_permissions_8373b171" ON "auth_user_user_permissions" ("permission_id");
CREATE INDEX IF NOT EXISTS "django_admin_log_417f1b1c" ON "django_admin_log" ("content_type_id");
CREATE INDEX IF NOT EXISTS "django_admin_log_e8701ad4" ON "django_admin_log" ("user_id");
CREATE UNIQUE INDEX "django_content_type_app_label_76bd3d3b_uniq" ON "django_content_type" ("app_label", "model");
CREATE UNIQUE INDEX "auth_permission_content_type_id_01ab375a_uniq" ON "auth_permission" ("content_type_id", "codename");
CREATE INDEX IF NOT EXISTS "auth_permission_417f1b1c" ON "auth_permission" ("content_type_id");
CREATE INDEX IF NOT EXISTS "django_session_de54fa62" ON "django_session" ("expire_date");
CREATE INDEX IF NOT EXISTS "cpm_stagesetting_6fa54945" ON "cpm_stagesetting" ("project_name_id");
CREATE INDEX IF NOT EXISTS "cpm_team_33fd710b" ON "cpm_team" ("member_role_id");
CREATE INDEX IF NOT EXISTS "cpm_team_6fa54945" ON "cpm_team" ("project_name_id");
CREATE INDEX IF NOT EXISTS "cpm_schedule_02c1725c" ON "cpm_schedule" ("assigned_to_id");
CREATE INDEX IF NOT EXISTS "cpm_schedule_6fa54945" ON "cpm_schedule" ("project_name_id");
CREATE INDEX IF NOT EXISTS "cpm_prototype_6fa54945" ON "cpm_prototype" ("project_name_id");
CREATE INDEX IF NOT EXISTS "cpm_schedulecomment_9bc70bb9" ON "cpm_schedulecomment" ("schedule_id");
CREATE INDEX IF NOT EXISTS "cpm_plan_6fa54945" ON "cpm_plan" ("project_name_id");
CREATE INDEX IF NOT EXISTS "cpm_materialcomment_eb4b9aaa" ON "cpm_materialcomment" ("material_id");
CREATE INDEX IF NOT EXISTS "cpm_trackinginfo_courier_id_id_250bdd28" ON "cpm_trackinginfo" ("courier_id_id");
CREATE INDEX IF NOT EXISTS "cpm_trackinginfo_material_id_789fe3e8" ON "cpm_trackinginfo" ("material_id");
CREATE INDEX IF NOT EXISTS "cpm_material_project_name_id_7a455a0b" ON "cpm_material" ("project_name_id");
CREATE INDEX IF NOT EXISTS "cpm_material_order_status_id_9626aa8a" ON "cpm_material" ("order_status_id");
CREATE INDEX IF NOT EXISTS "cpm_material_order_priority_id_7d2a64e8" ON "cpm_material" ("order_priority_id");
CREATE TABLE "django_admin_log" ("id" integer NOT NULL PRIMARY KEY AUTOINCREMENT, "object_id" text NULL, "object_repr" varchar(200) NOT NULL, "action_flag" smallint unsigned NOT NULL, "change_message" text NOT NULL, "content_type_id" integer NULL REFERENCES "django_content_type" ("id"), "user_id" integer NOT NULL REFERENCES "auth_user" ("id"), "action_time" datetime NOT NULL);
INSERT INTO "django_admin_log" VALUES(1,'2','pdavid',1,'Added.',4,1,'2016-02-26 17:29:05.699000');
INSERT INTO "django_admin_log" VALUES(2,'2','pdavid',2,'No fields changed.',4,1,'2016-02-26 17:29:36.924000');
INSERT INTO "django_admin_log" VALUES(3,'1','sweet@gmail.com',1,'Added.',7,1,'2016-02-26 19:40:00.980000');
INSERT INTO "django_admin_log" VALUES(4,'1','sweet@gmail.com',2,'No fields changed.',7,1,'2016-02-26 19:40:05.983000');
INSERT INTO "django_admin_log" VALUES(5,'1','Sweet',2,'No fields changed.',7,1,'2016-02-26 19:41:16.806000');
INSERT INTO "django_admin_log" VALUES(6,'1','Sweet',2,'No fields changed.',7,1,'2016-02-26 19:41:21.341000');
INSERT INTO "django_admin_log" VALUES(7,'2','abc efg',1,'Added.',7,1,'2016-02-27 04:20:40.558000');
INSERT INTO "django_admin_log" VALUES(8,'2','abc efg',2,'No fields changed.',7,1,'2016-02-27 04:21:46.633000');
INSERT INTO "django_admin_log" VALUES(9,'2','abc efg',2,'No fields changed.',7,1,'2016-02-27 04:36:13.119000');
INSERT INTO "django_admin_log" VALUES(10,'2','abc23423 efg23434',2,'Changed first_name and last_name.',7,1,'2016-02-27 04:50:05.852000');
INSERT INTO "django_admin_log" VALUES(11,'2','ndave.pythonanywhere.com',1,'Added.',8,1,'2016-03-01 06:16:02.907000');
INSERT INTO "django_admin_log" VALUES(12,'2','ndave.pythonanywhere.com',3,'',8,1,'2016-03-01 06:16:43.193000');
INSERT INTO "django_admin_log" VALUES(13,'1','ndave.pythonanywhere.com',2,'Changed domain and name.',8,1,'2016-03-01 06:17:34.924000');
INSERT INTO "django_admin_log" VALUES(14,'32','45',3,'',NULL,1,'2016-03-02 10:24:59.174000');
INSERT INTO "django_admin_log" VALUES(15,'31','45',3,'',NULL,1,'2016-03-02 10:25:04.309000');
INSERT INTO "django_admin_log" VALUES(16,'30','45',3,'',NULL,1,'2016-03-02 10:25:10.003000');
INSERT INTO "django_admin_log" VALUES(17,'29','45',3,'',NULL,1,'2016-03-02 10:25:15.105000');
INSERT INTO "django_admin_log" VALUES(18,'28','45',3,'',NULL,1,'2016-03-02 10:25:20.690000');
INSERT INTO "django_admin_log" VALUES(19,'27','45',3,'',NULL,1,'2016-03-02 10:25:26.169000');
INSERT INTO "django_admin_log" VALUES(20,'26','45',3,'',NULL,1,'2016-03-02 10:25:31.392000');
INSERT INTO "django_admin_log" VALUES(21,'25','45',3,'',NULL,1,'2016-03-02 10:25:35.300000');
INSERT INTO "django_admin_log" VALUES(22,'24','34',3,'',NULL,1,'2016-03-02 10:25:40.595000');
INSERT INTO "django_admin_log" VALUES(23,'23','5tyyy',3,'',NULL,1,'2016-03-02 10:25:45.475000');
INSERT INTO "django_admin_log" VALUES(24,'22','5tyyy',3,'',NULL,1,'2016-03-02 10:25:50.198000');
INSERT INTO "django_admin_log" VALUES(25,'21','5645',3,'',NULL,1,'2016-03-02 10:25:54.999000');
INSERT INTO "django_admin_log" VALUES(26,'20','56',3,'',NULL,1,'2016-03-02 10:25:59.332000');
INSERT INTO "django_admin_log" VALUES(27,'19','56',3,'',NULL,1,'2016-03-02 10:26:04.795000');
INSERT INTO "django_admin_log" VALUES(28,'18','56',3,'',NULL,1,'2016-03-02 10:26:10.047000');
INSERT INTO "django_admin_log" VALUES(29,'17','45',3,'',NULL,1,'2016-03-02 10:26:14.898000');
INSERT INTO "django_admin_log" VALUES(30,'16','65',3,'',NULL,1,'2016-03-02 10:26:19.838000');
INSERT INTO "django_admin_log" VALUES(31,'15','56',3,'',NULL,1,'2016-03-02 10:26:24.084000');
INSERT INTO "django_admin_log" VALUES(32,'14','dgf',3,'',NULL,1,'2016-03-02 10:26:29.248000');
INSERT INTO "django_admin_log" VALUES(33,'13','5',3,'',NULL,1,'2016-03-02 10:26:35.948000');
INSERT INTO "django_admin_log" VALUES(34,'12','5',3,'',NULL,1,'2016-03-02 10:26:41.173000');
INSERT INTO "django_admin_log" VALUES(35,'11','6',3,'',NULL,1,'2016-03-02 10:26:47.265000');
INSERT INTO "django_admin_log" VALUES(36,'10','6',3,'',NULL,1,'2016-03-02 10:26:53.199000');
INSERT INTO "django_admin_log" VALUES(37,'9','robot',3,'',NULL,1,'2016-03-02 10:26:57.250000');
INSERT INTO "django_admin_log" VALUES(38,'8','project 5',3,'',NULL,1,'2016-03-02 10:27:02.576000');
INSERT INTO "django_admin_log" VALUES(39,'7','project 3',3,'',NULL,1,'2016-03-02 10:27:07.384000');
INSERT INTO "django_admin_log" VALUES(40,'6','Project 3',3,'',NULL,1,'2016-03-02 10:27:12.265000');
INSERT INTO "django_admin_log" VALUES(41,'5','Project 3',3,'',NULL,1,'2016-03-02 10:27:16.667000');
INSERT INTO "django_admin_log" VALUES(42,'4','Project 2',3,'',NULL,1,'2016-03-02 10:27:20.608000');
INSERT INTO "django_admin_log" VALUES(43,'3','Project 2',3,'',NULL,1,'2016-03-02 10:27:25.619000');
INSERT INTO "django_admin_log" VALUES(44,'2','Project 1',3,'',NULL,1,'2016-03-02 10:27:29.703000');
INSERT INTO "django_admin_log" VALUES(45,'1','Project 1',3,'',NULL,1,'2016-03-02 10:27:34.435000');
INSERT INTO "django_admin_log" VALUES(46,'24','fgjjjghhg',3,'',NULL,1,'2016-03-02 13:31:59.076000');
INSERT INTO "django_admin_log" VALUES(47,'22','56ghgj',3,'',NULL,1,'2016-03-02 13:32:05.578000');
INSERT INTO "django_admin_log" VALUES(48,'21','gjg',3,'',NULL,1,'2016-03-02 13:32:09.642000');
INSERT INTO "django_admin_log" VALUES(49,'17','Project 30',3,'',NULL,1,'2016-03-02 13:32:15.002000');
INSERT INTO "django_admin_log" VALUES(50,'20','fhjgfhjg',3,'',NULL,1,'2016-03-02 13:32:27.397000');
INSERT INTO "django_admin_log" VALUES(51,'19','67fghgf',3,'',NULL,1,'2016-03-02 13:32:31.539000');
INSERT INTO "django_admin_log" VALUES(52,'16','Project 19',3,'',NULL,1,'2016-03-02 13:32:36.164000');
INSERT INTO "django_admin_log" VALUES(53,'14','55',3,'',NULL,1,'2016-03-02 13:32:41.062000');
INSERT INTO "django_admin_log" VALUES(54,'11','Project 10',3,'',NULL,1,'2016-03-02 13:32:45.015000');
INSERT INTO "django_admin_log" VALUES(55,'18','67',3,'',NULL,1,'2016-03-02 13:32:49.095000');
INSERT INTO "django_admin_log" VALUES(56,'23','ghfhh',3,'',NULL,1,'2016-03-02 13:32:52.990000');
INSERT INTO "django_admin_log" VALUES(57,'15','78',3,'',NULL,1,'2016-03-02 13:32:57.444000');
INSERT INTO "django_admin_log" VALUES(58,'13','56',3,'',NULL,1,'2016-03-02 13:33:01.398000');
INSERT INTO "django_admin_log" VALUES(59,'10','Project 16',3,'',NULL,1,'2016-03-02 13:33:05.649000');
INSERT INTO "django_admin_log" VALUES(60,'9','Project 27',3,'',NULL,1,'2016-03-02 13:33:09.791000');
INSERT INTO "django_admin_log" VALUES(61,'7','Project 7',3,'',NULL,1,'2016-03-02 13:33:13.715000');
INSERT INTO "django_admin_log" VALUES(62,'6','Project 6',3,'',NULL,1,'2016-03-02 13:33:17.860000');
INSERT INTO "django_admin_log" VALUES(63,'5','Project 4',3,'',NULL,1,'2016-03-02 13:33:21.715000');
INSERT INTO "django_admin_log" VALUES(64,'4','project 5',3,'',NULL,1,'2016-03-02 13:33:26.186000');
INSERT INTO "django_admin_log" VALUES(65,'8','project 8',3,'',NULL,1,'2016-03-02 13:33:30.328000');
INSERT INTO "django_admin_log" VALUES(66,'12','Project 20',3,'',NULL,1,'2016-03-02 13:33:34.408000');
INSERT INTO "django_admin_log" VALUES(67,'25','new project',3,'',NULL,1,'2016-03-02 13:33:39.112000');
INSERT INTO "django_admin_log" VALUES(68,'2','Project 2',3,'',NULL,1,'2016-03-02 13:33:46.397000');
INSERT INTO "django_admin_log" VALUES(69,'3','Project 3',3,'',NULL,1,'2016-03-02 13:33:50.382000');
INSERT INTO "django_admin_log" VALUES(70,'1','Project 1',1,'Added.',11,1,'2016-03-05 13:37:09.276000');
INSERT INTO "django_admin_log" VALUES(71,'1','Project 1',3,'',11,1,'2016-03-05 14:57:15.147000');
INSERT INTO "django_admin_log" VALUES(72,'7','gdgd',3,'',11,1,'2016-03-05 17:09:00.238000');
INSERT INTO "django_admin_log" VALUES(73,'6','ppppppbvhjhhg',3,'',11,1,'2016-03-05 17:09:00.256000');
INSERT INTO "django_admin_log" VALUES(74,'5','dgdggd',3,'',11,1,'2016-03-05 17:09:00.277000');
INSERT INTO "django_admin_log" VALUES(75,'4','Project 5',3,'',11,1,'2016-03-05 17:09:00.297000');
INSERT INTO "django_admin_log" VALUES(76,'3','Project 3',3,'',11,1,'2016-03-05 17:09:00.317000');
INSERT INTO "django_admin_log" VALUES(77,'2','Project 2',3,'',11,1,'2016-03-05 17:09:00.334000');
INSERT INTO "django_admin_log" VALUES(78,'9','dgdfdfg',3,'',11,1,'2016-03-05 17:17:31.109000');
INSERT INTO "django_admin_log" VALUES(79,'8','dfgdfgfd',3,'',11,1,'2016-03-05 17:17:31.127000');
INSERT INTO "django_admin_log" VALUES(80,'1','Project 1',3,'',11,1,'2016-03-05 17:17:31.148000');
INSERT INTO "django_admin_log" VALUES(81,'1','Stage object',1,'Added.',12,1,'2016-03-06 17:58:39.118000');
INSERT INTO "django_admin_log" VALUES(82,'2','Stage object',1,'Added.',12,1,'2016-03-06 17:58:54.807000');
INSERT INTO "django_admin_log" VALUES(83,'3','Stage object',1,'Added.',12,1,'2016-03-06 17:59:03.250000');
INSERT INTO "django_admin_log" VALUES(84,'4','Stage object',1,'Added.',12,1,'2016-03-06 17:59:22.976000');
INSERT INTO "django_admin_log" VALUES(85,'5','Stage object',1,'Added.',12,1,'2016-03-06 17:59:37.639000');
INSERT INTO "django_admin_log" VALUES(86,'6','Stage object',1,'Added.',12,1,'2016-03-06 17:59:50.198000');
INSERT INTO "django_admin_log" VALUES(87,'7','Stage object',1,'Added.',12,1,'2016-03-06 18:00:02.359000');
INSERT INTO "django_admin_log" VALUES(88,'8','Stage object',1,'Added.',12,1,'2016-03-06 18:00:11.950000');
INSERT INTO "django_admin_log" VALUES(89,'9','Stage object',1,'Added.',12,1,'2016-03-06 18:00:28.404000');
INSERT INTO "django_admin_log" VALUES(90,'10','Stage object',1,'Added.',12,1,'2016-03-06 18:00:52.009000');
INSERT INTO "django_admin_log" VALUES(91,'11','Stage object',1,'Added.',12,1,'2016-03-06 18:01:04.286000');
INSERT INTO "django_admin_log" VALUES(92,'12','Stage object',1,'Added.',12,1,'2016-03-06 18:01:20.095000');
INSERT INTO "django_admin_log" VALUES(93,'13','Stage object',1,'Added.',12,1,'2016-03-06 18:01:37.503000');
INSERT INTO "django_admin_log" VALUES(94,'2','StageSetting object',3,'',13,1,'2016-03-07 09:14:24.641000');
INSERT INTO "django_admin_log" VALUES(95,'1','Role object',1,'Added.',15,1,'2016-03-07 15:41:31.431000');
INSERT INTO "django_admin_log" VALUES(96,'2','Role object',1,'Added.',15,1,'2016-03-07 15:41:48.036000');
INSERT INTO "django_admin_log" VALUES(97,'3','Role object',1,'Added.',15,1,'2016-03-07 15:43:09.797000');
INSERT INTO "django_admin_log" VALUES(98,'4','Role object',1,'Added.',15,1,'2016-03-07 15:43:15.728000');
INSERT INTO "django_admin_log" VALUES(99,'5','Role object',1,'Added.',15,1,'2016-03-07 15:43:24.331000');
INSERT INTO "django_admin_log" VALUES(100,'6','Role object',1,'Added.',15,1,'2016-03-07 15:43:43.363000');
INSERT INTO "django_admin_log" VALUES(101,'7','Role object',1,'Added.',15,1,'2016-03-07 15:43:49.671000');
INSERT INTO "django_admin_log" VALUES(102,'1','Team object',1,'Added.',NULL,1,'2016-03-07 15:44:28.133000');
INSERT INTO "django_admin_log" VALUES(103,'2','Team object',1,'Added.',NULL,1,'2016-03-07 15:44:39.675000');
INSERT INTO "django_admin_log" VALUES(104,'3','Team object',1,'Added.',NULL,1,'2016-03-07 15:45:47.174000');
INSERT INTO "django_admin_log" VALUES(105,'4','Team object',1,'Added.',NULL,1,'2016-03-07 15:46:06.697000');
INSERT INTO "django_admin_log" VALUES(106,'1','Team object',1,'Added.',NULL,1,'2016-03-07 19:01:27.963000');
INSERT INTO "django_admin_log" VALUES(107,'2','Team object',1,'Added.',NULL,1,'2016-03-07 19:02:02.598000');
INSERT INTO "django_admin_log" VALUES(108,'2','Team object',3,'',NULL,1,'2016-03-07 19:03:11.155000');
INSERT INTO "django_admin_log" VALUES(109,'1','Team object',3,'',NULL,1,'2016-03-07 19:03:11.171000');
INSERT INTO "django_admin_log" VALUES(110,'3','Team object',1,'Added.',NULL,1,'2016-03-07 19:03:24.749000');
INSERT INTO "django_admin_log" VALUES(111,'4','Team object',1,'Added.',NULL,1,'2016-03-07 19:03:46.943000');
INSERT INTO "django_admin_log" VALUES(112,'4','Team object',2,'Changed member_role.',NULL,1,'2016-03-07 19:04:00.091000');
INSERT INTO "django_admin_log" VALUES(113,'4','Team object',3,'',NULL,1,'2016-03-07 19:08:08.932000');
INSERT INTO "django_admin_log" VALUES(114,'3','Team object',3,'',NULL,1,'2016-03-07 19:08:08.945000');
INSERT INTO "django_admin_log" VALUES(115,'1','Team object',1,'Added.',17,1,'2016-03-07 19:33:07');
INSERT INTO "django_admin_log" VALUES(116,'2','Team object',1,'Added.',17,1,'2016-03-07 19:33:21.087000');
INSERT INTO "django_admin_log" VALUES(117,'3','Team object',1,'Added.',17,1,'2016-03-07 19:33:34.523000');
INSERT INTO "django_admin_log" VALUES(118,'4','Team object',1,'Added.',17,1,'2016-03-07 19:33:44.314000');
INSERT INTO "django_admin_log" VALUES(119,'5','Team object',1,'Added.',17,1,'2016-03-07 19:33:56.004000');
INSERT INTO "django_admin_log" VALUES(120,'6','Team object',1,'Added.',17,1,'2016-03-07 19:34:10.591000');
INSERT INTO "django_admin_log" VALUES(121,'17','Project sample',3,'',11,1,'2016-03-18 20:23:27.502000');
INSERT INTO "django_admin_log" VALUES(122,'16','dfgd',3,'',11,1,'2016-03-18 20:23:27.535000');
INSERT INTO "django_admin_log" VALUES(123,'15','Project Robotics',3,'',11,1,'2016-03-18 20:23:27.556000');
INSERT INTO "django_admin_log" VALUES(124,'14','Project 7',3,'',11,1,'2016-03-18 20:24:07.786000');
INSERT INTO "django_admin_log" VALUES(125,'13','Project 6',3,'',11,1,'2016-03-18 20:24:07.806000');
INSERT INTO "django_admin_log" VALUES(126,'1','Placed',1,'Added.',21,1,'2016-03-28 13:55:30.242000');
INSERT INTO "django_admin_log" VALUES(127,'2','Approved',1,'Added.',21,1,'2016-03-28 13:55:40.694000');
INSERT INTO "django_admin_log" VALUES(128,'3','Delivered',1,'Added.',21,1,'2016-03-28 13:56:15.786000');
INSERT INTO "django_admin_log" VALUES(129,'3','Delivered',2,'Changed status_id.',21,1,'2016-03-28 16:14:24.361000');
INSERT INTO "django_admin_log" VALUES(130,'3','Delivered',2,'No fields changed.',21,1,'2016-03-28 16:14:30.158000');
INSERT INTO "django_admin_log" VALUES(131,'2','Approved',2,'Changed status_id.',21,1,'2016-03-28 16:14:39.402000');
INSERT INTO "django_admin_log" VALUES(132,'1','Placed',2,'Changed status_id.',21,1,'2016-03-28 16:14:47.011000');
INSERT INTO "django_admin_log" VALUES(133,'1','Material object',2,'No fields changed.',20,1,'2016-03-28 18:58:10.493000');
INSERT INTO "django_admin_log" VALUES(134,'1','Material object',2,'Changed order_status.',20,1,'2016-03-28 19:31:06.057000');
INSERT INTO "django_admin_log" VALUES(135,'4','Shipped',1,'Added.',21,1,'2016-03-29 16:00:57.595000');
INSERT INTO "django_admin_log" VALUES(136,'4','Material object',2,'Changed order_status.',20,1,'2016-03-29 18:41:06.189000');
INSERT INTO "django_admin_log" VALUES(137,'19','Project New',3,'',11,1,'2016-03-29 18:44:18.078000');
INSERT INTO "django_admin_log" VALUES(138,'20','Project Basic Technology',2,'Changed name, start_date and end_date.',11,1,'2016-03-29 18:44:40.947000');
INSERT INTO "django_admin_log" VALUES(139,'2','Prototype object',3,'',22,1,'2016-04-05 09:15:21.004000');
INSERT INTO "django_admin_log" VALUES(140,'1','Prototype object',3,'',22,1,'2016-04-05 09:15:21.024000');
INSERT INTO "django_admin_log" VALUES(141,'7','Prototype object',3,'',22,1,'2016-04-05 13:52:22.158000');
INSERT INTO "django_admin_log" VALUES(142,'6','Prototype object',3,'',22,1,'2016-04-05 13:52:22.176000');
INSERT INTO "django_admin_log" VALUES(143,'9','9',2,'Changed prototype_url and weblink_url.',18,1,'2016-04-09 17:34:25.479000');
INSERT INTO "django_admin_log" VALUES(144,'5','5',2,'Changed prototype_url and weblink_url.',18,1,'2016-04-09 17:34:33.924000');
INSERT INTO "django_admin_log" VALUES(145,'3','3',2,'Changed prototype_url and weblink_url.',18,1,'2016-04-09 17:34:40.369000');
INSERT INTO "django_admin_log" VALUES(146,'1','ScheduleComment object',2,'No fields changed.',24,1,'2016-04-09 20:03:05.347000');
INSERT INTO "django_admin_log" VALUES(147,'23','23',2,'No fields changed.',19,1,'2016-04-09 20:03:36.640000');
INSERT INTO "django_admin_log" VALUES(148,'17','17',2,'No fields changed.',19,1,'2016-04-09 20:11:05.901000');
INSERT INTO "django_admin_log" VALUES(149,'4','ScheduleComment object',3,'',24,1,'2016-04-10 09:14:28.902000');
INSERT INTO "django_admin_log" VALUES(150,'3','ScheduleComment object',3,'',24,1,'2016-04-10 09:14:28.922000');
INSERT INTO "django_admin_log" VALUES(151,'2','ScheduleComment object',3,'',24,1,'2016-04-10 09:14:28.940000');
INSERT INTO "django_admin_log" VALUES(152,'12','ScheduleComment object',3,'',24,1,'2016-04-10 10:23:07.927000');
INSERT INTO "django_admin_log" VALUES(153,'10','ScheduleComment object',3,'',24,1,'2016-04-10 10:23:07.948000');
INSERT INTO "django_admin_log" VALUES(154,'9','ScheduleComment object',3,'',24,1,'2016-04-10 10:23:07.965000');
INSERT INTO "django_admin_log" VALUES(155,'8','ScheduleComment object',3,'',24,1,'2016-04-10 10:23:07.982000');
INSERT INTO "django_admin_log" VALUES(156,'7','ScheduleComment object',3,'',24,1,'2016-04-10 10:23:08');
INSERT INTO "django_admin_log" VALUES(157,'6','ScheduleComment object',3,'',24,1,'2016-04-10 10:23:08.019000');
INSERT INTO "django_admin_log" VALUES(158,'5','ScheduleComment object',3,'',24,1,'2016-04-10 10:23:08.037000');
INSERT INTO "django_admin_log" VALUES(159,'7','Chris',3,'',4,1,'2016-04-10 17:28:45.683000');
INSERT INTO "django_admin_log" VALUES(160,'6','John',2,'Changed is_active.',4,1,'2016-04-10 17:30:41.513000');
INSERT INTO "django_admin_log" VALUES(161,'8','Karen',2,'Changed is_active.',4,1,'2016-04-10 17:30:59.436000');
INSERT INTO "django_admin_log" VALUES(162,'5','MaterialComment object',2,'Changed author.',23,1,'2016-04-10 17:39:20.004000');
INSERT INTO "django_admin_log" VALUES(163,'56','Material object',2,'[{"changed": {"fields": ["order_status"]}}]',20,1,'2017-04-29 10:33:00.751000');
INSERT INTO "django_admin_log" VALUES(164,'5','Not Placed',1,'[{"added": {}}]',21,1,'2017-04-29 10:36:31.967000');
INSERT INTO "django_admin_log" VALUES(165,'9','Chris',3,'',4,1,'2017-05-18 01:32:10.195000');
INSERT INTO "django_admin_log" VALUES(166,'6','John',3,'',4,1,'2017-05-18 01:32:10.206000');
INSERT INTO "django_admin_log" VALUES(167,'8','Karen',3,'',4,1,'2017-05-18 01:32:10.217000');
INSERT INTO "django_admin_log" VALUES(168,'3','abc',3,'',4,1,'2017-05-18 01:32:10.227000');
INSERT INTO "django_admin_log" VALUES(169,'4','newone',3,'',4,1,'2017-05-18 01:32:10.236000');
INSERT INTO "django_admin_log" VALUES(170,'2','pdavid',3,'',4,1,'2017-05-18 01:32:10.254000');
INSERT INTO "django_admin_log" VALUES(171,'5','test',3,'',4,1,'2017-05-18 01:32:10.264000');
INSERT INTO "django_admin_log" VALUES(172,'68','Material object',3,'',20,1,'2017-05-24 07:09:04.757000');
INSERT INTO "django_admin_log" VALUES(173,'69','Material object',3,'',20,1,'2017-05-24 07:09:13.248000');
INSERT INTO "django_admin_log" VALUES(174,'81','Material object',3,'',20,1,'2017-05-24 17:07:40.595000');
INSERT INTO "django_admin_log" VALUES(175,'80','Material object',3,'',20,1,'2017-05-24 17:07:40.607000');
INSERT INTO "django_admin_log" VALUES(176,'79','Material object',3,'',20,1,'2017-05-24 17:07:40.618000');
INSERT INTO "django_admin_log" VALUES(177,'78','Material object',3,'',20,1,'2017-05-24 17:07:40.631000');
INSERT INTO "django_admin_log" VALUES(178,'77','Material object',3,'',20,1,'2017-05-24 17:07:40.642000');
INSERT INTO "django_admin_log" VALUES(179,'71','Material object',3,'',20,1,'2017-05-24 17:07:40.652000');
INSERT INTO "django_admin_log" VALUES(180,'1','DHL Hong Kong',1,'[{"added": {}}]',25,1,'2017-06-05 17:56:28.346000');
INSERT INTO "django_admin_log" VALUES(181,'2','DHL Benelux',1,'[{"added": {}}]',25,1,'2017-06-05 17:56:44.311000');
INSERT INTO "django_admin_log" VALUES(182,'3','DHL 2-Mann-Handling',1,'[{"added": {}}]',25,1,'2017-06-05 17:57:01.898000');
INSERT INTO "django_admin_log" VALUES(183,'4','Deutsche Post DHL',1,'[{"added": {}}]',25,1,'2017-06-05 17:57:14.229000');
INSERT INTO "django_admin_log" VALUES(184,'5','DHL Parcel NL',1,'[{"added": {}}]',25,1,'2017-06-05 17:57:26.405000');
INSERT INTO "django_admin_log" VALUES(185,'6','DHL Netherlands',1,'[{"added": {}}]',25,1,'2017-06-05 17:57:45.408000');
INSERT INTO "django_admin_log" VALUES(186,'7','DHL Spain Domestic',1,'[{"added": {}}]',25,1,'2017-06-05 17:58:00.604000');
INSERT INTO "django_admin_log" VALUES(187,'8','DHL Poland Domestic',1,'[{"added": {}}]',25,1,'2017-06-05 17:58:13.281000');
INSERT INTO "django_admin_log" VALUES(188,'9','DHL eCommerce',1,'[{"added": {}}]',25,1,'2017-06-05 17:58:25.493000');
INSERT INTO "django_admin_log" VALUES(189,'10','',1,'[{"added": {}}]',25,1,'2017-06-06 07:16:37.532000');
INSERT INTO "django_admin_log" VALUES(190,'10','',3,'',25,1,'2017-06-06 07:17:33.974000');
INSERT INTO "django_admin_log" VALUES(191,'9','DHL eCommerce',3,'',25,1,'2017-06-06 07:28:49.945000');
INSERT INTO "django_admin_log" VALUES(192,'8','DHL Poland Domestic',3,'',25,1,'2017-06-06 07:28:49.959000');
INSERT INTO "django_admin_log" VALUES(193,'7','DHL Spain Domestic',3,'',25,1,'2017-06-06 07:28:49.971000');
INSERT INTO "django_admin_log" VALUES(194,'6','DHL Netherlands',3,'',25,1,'2017-06-06 07:28:49.981000');
INSERT INTO "django_admin_log" VALUES(195,'5','DHL Parcel NL',3,'',25,1,'2017-06-06 07:28:49.993000');
INSERT INTO "django_admin_log" VALUES(196,'4','Deutsche Post DHL',3,'',25,1,'2017-06-06 07:28:50.004000');
INSERT INTO "django_admin_log" VALUES(197,'3','DHL 2-Mann-Handling',3,'',25,1,'2017-06-06 07:28:50.014000');
INSERT INTO "django_admin_log" VALUES(198,'2','DHL Benelux',3,'',25,1,'2017-06-06 07:28:50.027000');
INSERT INTO "django_admin_log" VALUES(199,'1','DHL Hong Kong',3,'',25,1,'2017-06-06 07:28:50.038000');
INSERT INTO "django_admin_log" VALUES(200,'399','zyllem',3,'',25,1,'2017-06-06 12:09:16.448000');
INSERT INTO "django_admin_log" VALUES(201,'398','zjs-express',3,'',25,1,'2017-06-06 12:09:16.454000');
INSERT INTO "django_admin_log" VALUES(202,'397','zalora-7-eleven',3,'',25,1,'2017-06-06 12:09:16.460000');
INSERT INTO "django_admin_log" VALUES(203,'396','yundaex',3,'',25,1,'2017-06-06 12:09:16.465000');
INSERT INTO "django_admin_log" VALUES(204,'395','yunexpress',3,'',25,1,'2017-06-06 12:09:16.471000');
INSERT INTO "django_admin_log" VALUES(205,'394','yto',3,'',25,1,'2017-06-06 12:09:16.477000');
INSERT INTO "django_admin_log" VALUES(206,'393','yrc',3,'',25,1,'2017-06-06 12:09:16.483000');
INSERT INTO "django_admin_log" VALUES(207,'392','yodel-international',3,'',25,1,'2017-06-06 12:09:16.489000');
INSERT INTO "django_admin_log" VALUES(208,'391','yodel',3,'',25,1,'2017-06-06 12:09:16.495000');
INSERT INTO "django_admin_log" VALUES(209,'390','yanwen',3,'',25,1,'2017-06-06 12:09:16.500000');
INSERT INTO "django_admin_log" VALUES(210,'389','taqbin-jp',3,'',25,1,'2017-06-06 12:09:16.506000');
INSERT INTO "django_admin_log" VALUES(211,'388','yakit',3,'',25,1,'2017-06-06 12:09:16.516000');
INSERT INTO "django_admin_log" VALUES(212,'387','xq-express',3,'',25,1,'2017-06-06 12:09:16.525000');
INSERT INTO "django_admin_log" VALUES(213,'386','xpressbees',3,'',25,1,'2017-06-06 12:09:16.535000');
INSERT INTO "django_admin_log" VALUES(214,'385','xl-express',3,'',25,1,'2017-06-06 12:09:16.545000');
INSERT INTO "django_admin_log" VALUES(215,'384','xend',3,'',25,1,'2017-06-06 12:09:16.558000');
INSERT INTO "django_admin_log" VALUES(216,'383','xdp-uk-reference',3,'',25,1,'2017-06-06 12:09:16.570000');
INSERT INTO "django_admin_log" VALUES(217,'382','xdp-uk',3,'',25,1,'2017-06-06 12:09:16.580000');
INSERT INTO "django_admin_log" VALUES(218,'381','wndirect',3,'',25,1,'2017-06-06 12:09:16.589000');
INSERT INTO "django_admin_log" VALUES(219,'380','wishpost',3,'',25,1,'2017-06-06 12:09:16.599000');
INSERT INTO "django_admin_log" VALUES(220,'379','wiseloads',3,'',25,1,'2017-06-06 12:09:16.611000');
INSERT INTO "django_admin_log" VALUES(221,'378','wise-express',3,'',25,1,'2017-06-06 12:09:16.622000');
INSERT INTO "django_admin_log" VALUES(222,'377','whistl',3,'',25,1,'2017-06-06 12:09:16.631000');
INSERT INTO "django_admin_log" VALUES(223,'376','wedo',3,'',25,1,'2017-06-06 12:09:16.636000');
INSERT INTO "django_admin_log" VALUES(224,'375','wanbexpress',3,'',25,1,'2017-06-06 12:09:16.642000');
INSERT INTO "django_admin_log" VALUES(225,'374','wahana',3,'',25,1,'2017-06-06 12:09:16.648000');
INSERT INTO "django_admin_log" VALUES(226,'373','viettelpost',3,'',25,1,'2017-06-06 12:09:16.654000');
INSERT INTO "django_admin_log" VALUES(227,'372','vnpost-ems',3,'',25,1,'2017-06-06 12:09:16.660000');
INSERT INTO "django_admin_log" VALUES(228,'371','vnpost',3,'',25,1,'2017-06-06 12:09:16.665000');
INSERT INTO "django_admin_log" VALUES(229,'370','vtfe',3,'',25,1,'2017-06-06 12:09:16.671000');
INSERT INTO "django_admin_log" VALUES(230,'369','usps',3,'',25,1,'2017-06-06 12:09:16.677000');
INSERT INTO "django_admin_log" VALUES(231,'368','ukrposhta',3,'',25,1,'2017-06-06 12:09:16.683000');
INSERT INTO "django_admin_log" VALUES(232,'367','uk-mail',3,'',25,1,'2017-06-06 12:09:16.692000');
INSERT INTO "django_admin_log" VALUES(233,'366','ubi-logistics',3,'',25,1,'2017-06-06 12:09:16.703000');
INSERT INTO "django_admin_log" VALUES(234,'365','tuffnells',3,'',25,1,'2017-06-06 12:09:16.713000');
INSERT INTO "django_admin_log" VALUES(235,'364','transmission-nl',3,'',25,1,'2017-06-06 12:09:16.723000');
INSERT INTO "django_admin_log" VALUES(236,'363','trakpak',3,'',25,1,'2017-06-06 12:09:16.735000');
INSERT INTO "django_admin_log" VALUES(237,'362','toll-priority',3,'',25,1,'2017-06-06 12:09:16.745000');
INSERT INTO "django_admin_log" VALUES(238,'361','toll-ipec',3,'',25,1,'2017-06-06 12:09:16.756000');
INSERT INTO "django_admin_log" VALUES(239,'360','tnt-click',3,'',25,1,'2017-06-06 12:09:16.765000');
INSERT INTO "django_admin_log" VALUES(240,'359','tnt-uk-reference',3,'',25,1,'2017-06-06 12:09:16.776000');
INSERT INTO "django_admin_log" VALUES(241,'358','tnt-uk',3,'',25,1,'2017-06-06 12:09:16.789000');
INSERT INTO "django_admin_log" VALUES(242,'357','tnt-reference',3,'',25,1,'2017-06-06 12:09:16.799000');
INSERT INTO "django_admin_log" VALUES(243,'356','tnt-it',3,'',25,1,'2017-06-06 12:09:16.810000');
INSERT INTO "django_admin_log" VALUES(244,'355','tnt-fr',3,'',25,1,'2017-06-06 12:09:16.819000');
INSERT INTO "django_admin_log" VALUES(245,'354','tnt-au',3,'',25,1,'2017-06-06 12:09:16.830000');
INSERT INTO "django_admin_log" VALUES(246,'353','tnt',3,'',25,1,'2017-06-06 12:09:16.842000');
INSERT INTO "django_admin_log" VALUES(247,'352','tipsa',3,'',25,1,'2017-06-06 12:09:16.852000');
INSERT INTO "django_admin_log" VALUES(248,'351','tiki',3,'',25,1,'2017-06-06 12:09:16.858000');
INSERT INTO "django_admin_log" VALUES(249,'350','thecourierguy',3,'',25,1,'2017-06-06 12:09:16.863000');
INSERT INTO "django_admin_log" VALUES(250,'349','thailand-post',3,'',25,1,'2017-06-06 12:09:16.868000');
INSERT INTO "django_admin_log" VALUES(251,'348','sic-teliway',3,'',25,1,'2017-06-06 12:09:16.874000');
INSERT INTO "django_admin_log" VALUES(252,'347','taqbin-sg',3,'',25,1,'2017-06-06 12:09:16.879000');
INSERT INTO "django_admin_log" VALUES(253,'346','taqbin-my',3,'',25,1,'2017-06-06 12:09:16.884000');
INSERT INTO "django_admin_log" VALUES(254,'345','taqbin-hk',3,'',25,1,'2017-06-06 12:09:16.894000');
INSERT INTO "django_admin_log" VALUES(255,'344','taiwan-post',3,'',25,1,'2017-06-06 12:09:16.903000');
INSERT INTO "django_admin_log" VALUES(256,'343','swiss-post',3,'',25,1,'2017-06-06 12:09:16.914000');
INSERT INTO "django_admin_log" VALUES(257,'342','sto',3,'',25,1,'2017-06-06 12:09:16.924000');
INSERT INTO "django_admin_log" VALUES(258,'341','star-track',3,'',25,1,'2017-06-06 12:09:16.934000');
INSERT INTO "django_admin_log" VALUES(259,'340','star-track-express',3,'',25,1,'2017-06-06 12:09:16.944000');
INSERT INTO "django_admin_log" VALUES(260,'339','srekorea',3,'',25,1,'2017-06-06 12:09:16.954000');
INSERT INTO "django_admin_log" VALUES(261,'338','spreadel',3,'',25,1,'2017-06-06 12:09:16.963000');
INSERT INTO "django_admin_log" VALUES(262,'337','speedexcourier',3,'',25,1,'2017-06-06 12:09:16.976000');
INSERT INTO "django_admin_log" VALUES(263,'336','speedcouriers-gr',3,'',25,1,'2017-06-06 12:09:16.985000');
INSERT INTO "django_admin_log" VALUES(264,'335','specialisedfreight-za',3,'',25,1,'2017-06-06 12:09:16.995000');
INSERT INTO "django_admin_log" VALUES(265,'334','spanish-seur',3,'',25,1,'2017-06-06 12:09:17.004000');
INSERT INTO "django_admin_log" VALUES(266,'333','sapo',3,'',25,1,'2017-06-06 12:09:17.014000');
INSERT INTO "django_admin_log" VALUES(267,'332','smsa-express',3,'',25,1,'2017-06-06 12:09:17.024000');
INSERT INTO "django_admin_log" VALUES(268,'331','skynetworldwide-uk',3,'',25,1,'2017-06-06 12:09:17.034000');
INSERT INTO "django_admin_log" VALUES(269,'330','skynetworldwide',3,'',25,1,'2017-06-06 12:09:17.041000');
INSERT INTO "django_admin_log" VALUES(270,'329','skynet',3,'',25,1,'2017-06-06 12:09:17.046000');
INSERT INTO "django_admin_log" VALUES(271,'328','siodemka',3,'',25,1,'2017-06-06 12:09:17.052000');
INSERT INTO "django_admin_log" VALUES(272,'327','singapore-speedpost',3,'',25,1,'2017-06-06 12:09:17.058000');
INSERT INTO "django_admin_log" VALUES(273,'326','singapore-post',3,'',25,1,'2017-06-06 12:09:17.064000');
INSERT INTO "django_admin_log" VALUES(274,'325','simplypost',3,'',25,1,'2017-06-06 12:09:17.069000');
INSERT INTO "django_admin_log" VALUES(275,'324','sgt-it',3,'',25,1,'2017-06-06 12:09:17.074000');
INSERT INTO "django_admin_log" VALUES(276,'323','sfcservice',3,'',25,1,'2017-06-06 12:09:17.080000');
INSERT INTO "django_admin_log" VALUES(277,'322','sendle',3,'',25,1,'2017-06-06 12:09:17.085000');
INSERT INTO "django_admin_log" VALUES(278,'321','sendit',3,'',25,1,'2017-06-06 12:09:17.090000');
INSERT INTO "django_admin_log" VALUES(279,'320','sekologistics',3,'',25,1,'2017-06-06 12:09:17.096000');
INSERT INTO "django_admin_log" VALUES(280,'319','scudex-express',3,'',25,1,'2017-06-06 12:09:17.103000');
INSERT INTO "django_admin_log" VALUES(281,'318','saudi-post',3,'',25,1,'2017-06-06 12:09:17.112000');
INSERT INTO "django_admin_log" VALUES(282,'317','sagawa',3,'',25,1,'2017-06-06 12:09:17.123000');
INSERT INTO "django_admin_log" VALUES(283,'316','safexpress',3,'',25,1,'2017-06-06 12:09:17.135000');
INSERT INTO "django_admin_log" VALUES(284,'315','sf-express',3,'',25,1,'2017-06-06 12:09:17.144000');
INSERT INTO "django_admin_log" VALUES(285,'314','sfb2c',3,'',25,1,'2017-06-06 12:09:17.154000');
INSERT INTO "django_admin_log" VALUES(286,'313','rzyexpress',3,'',25,1,'2017-06-06 12:09:17.165000');
INSERT INTO "django_admin_log" VALUES(287,'312','ruston',3,'',25,1,'2017-06-06 12:09:17.174000');
INSERT INTO "django_admin_log" VALUES(288,'311','russian-post',3,'',25,1,'2017-06-06 12:09:17.187000');
INSERT INTO "django_admin_log" VALUES(289,'310','rrdonnelley',3,'',25,1,'2017-06-06 12:09:17.196000');
INSERT INTO "django_admin_log" VALUES(290,'309','rpxonline',3,'',25,1,'2017-06-06 12:09:17.207000');
INSERT INTO "django_admin_log" VALUES(291,'308','rpx',3,'',25,1,'2017-06-06 12:09:17.217000');
INSERT INTO "django_admin_log" VALUES(292,'307','rpd2man',3,'',25,1,'2017-06-06 12:09:17.227000');
INSERT INTO "django_admin_log" VALUES(293,'306','royal-mail',3,'',25,1,'2017-06-06 12:09:17.234000');
INSERT INTO "django_admin_log" VALUES(294,'305','rocketparcel',3,'',25,1,'2017-06-06 12:09:17.239000');
INSERT INTO "django_admin_log" VALUES(295,'304','roadbull',3,'',25,1,'2017-06-06 12:09:17.245000');
INSERT INTO "django_admin_log" VALUES(296,'303','rl-carriers',3,'',25,1,'2017-06-06 12:09:17.251000');
INSERT INTO "django_admin_log" VALUES(297,'302','rincos',3,'',25,1,'2017-06-06 12:09:17.256000');
INSERT INTO "django_admin_log" VALUES(298,'301','redur-es',3,'',25,1,'2017-06-06 12:09:17.262000');
INSERT INTO "django_admin_log" VALUES(299,'300','red-express-wb',3,'',25,1,'2017-06-06 12:09:17.268000');
INSERT INTO "django_admin_log" VALUES(300,'299','red-express',3,'',25,1,'2017-06-06 12:09:26.699000');
INSERT INTO "django_admin_log" VALUES(301,'298','ramgroup-za',3,'',25,1,'2017-06-06 12:09:26.709000');
INSERT INTO "django_admin_log" VALUES(302,'297','raiderex',3,'',25,1,'2017-06-06 12:09:26.719000');
INSERT INTO "django_admin_log" VALUES(303,'296','raf',3,'',25,1,'2017-06-06 12:09:26.728000');
INSERT INTO "django_admin_log" VALUES(304,'295','raben-group',3,'',25,1,'2017-06-06 12:09:26.738000');
INSERT INTO "django_admin_log" VALUES(305,'294','qxpress',3,'',25,1,'2017-06-06 12:09:26.748000');
INSERT INTO "django_admin_log" VALUES(306,'293','quantium',3,'',25,1,'2017-06-06 12:09:26.761000');
INSERT INTO "django_admin_log" VALUES(307,'292','purolator',3,'',25,1,'2017-06-06 12:09:26.772000');
INSERT INTO "django_admin_log" VALUES(308,'291','ptt-posta',3,'',25,1,'2017-06-06 12:09:26.782000');
INSERT INTO "django_admin_log" VALUES(309,'290','professional-couriers',3,'',25,1,'2017-06-06 12:09:26.793000');
INSERT INTO "django_admin_log" VALUES(310,'289','sweden-posten',3,'',25,1,'2017-06-06 12:09:26.803000');
INSERT INTO "django_admin_log" VALUES(311,'288','postnord',3,'',25,1,'2017-06-06 12:09:26.813000');
INSERT INTO "django_admin_log" VALUES(312,'287','danmark-post',3,'',25,1,'2017-06-06 12:09:26.826000');
INSERT INTO "django_admin_log" VALUES(313,'286','postnl-3s',3,'',25,1,'2017-06-06 12:09:26.840000');
INSERT INTO "django_admin_log" VALUES(314,'285','postnl-international',3,'',25,1,'2017-06-06 12:09:26.852000');
INSERT INTO "django_admin_log" VALUES(315,'284','postnl',3,'',25,1,'2017-06-06 12:09:26.869000');
INSERT INTO "django_admin_log" VALUES(316,'283','posti',3,'',25,1,'2017-06-06 12:09:26.887000');
INSERT INTO "django_admin_log" VALUES(317,'282','posten-norge',3,'',25,1,'2017-06-06 12:09:26.900000');
INSERT INTO "django_admin_log" VALUES(318,'281','poste-italiane-paccocelere',3,'',25,1,'2017-06-06 12:09:26.916000');
INSERT INTO "django_admin_log" VALUES(319,'280','poste-italiane',3,'',25,1,'2017-06-06 12:09:26.928000');
INSERT INTO "django_admin_log" VALUES(320,'279','post56',3,'',25,1,'2017-06-06 12:09:26.943000');
INSERT INTO "django_admin_log" VALUES(321,'278','post-serbia',3,'',25,1,'2017-06-06 12:09:26.953000');
INSERT INTO "django_admin_log" VALUES(322,'277','pos-indonesia-int',3,'',25,1,'2017-06-06 12:09:26.966000');
INSERT INTO "django_admin_log" VALUES(323,'276','pos-indonesia',3,'',25,1,'2017-06-06 12:09:26.984000');
INSERT INTO "django_admin_log" VALUES(324,'275','portugal-seur',3,'',25,1,'2017-06-06 12:09:26.993000');
INSERT INTO "django_admin_log" VALUES(325,'274','portugal-ctt',3,'',25,1,'2017-06-06 12:09:27.004000');
INSERT INTO "django_admin_log" VALUES(326,'273','posta-romana',3,'',25,1,'2017-06-06 12:09:27.016000');
INSERT INTO "django_admin_log" VALUES(327,'272','poczta-polska',3,'',25,1,'2017-06-06 12:09:27.026000');
INSERT INTO "django_admin_log" VALUES(328,'271','pfcexpress',3,'',25,1,'2017-06-06 12:09:27.034000');
INSERT INTO "django_admin_log" VALUES(329,'270','ppbyb',3,'',25,1,'2017-06-06 12:09:27.040000');
INSERT INTO "django_admin_log" VALUES(330,'269','parcelled-in',3,'',25,1,'2017-06-06 12:09:27.046000');
INSERT INTO "django_admin_log" VALUES(331,'268','parcelpost-sg',3,'',25,1,'2017-06-06 12:09:27.054000');
INSERT INTO "django_admin_log" VALUES(332,'267','parcel-force',3,'',25,1,'2017-06-06 12:09:27.067000');
INSERT INTO "django_admin_log" VALUES(333,'266','parcel-express',3,'',25,1,'2017-06-06 12:09:27.077000');
INSERT INTO "django_admin_log" VALUES(334,'265','panther-reference',3,'',25,1,'2017-06-06 12:09:27.090000');
INSERT INTO "django_admin_log" VALUES(335,'264','panther',3,'',25,1,'2017-06-06 12:09:27.100000');
INSERT INTO "django_admin_log" VALUES(336,'263','pandulogistics',3,'',25,1,'2017-06-06 12:09:27.114000');
INSERT INTO "django_admin_log" VALUES(337,'262','packlink',3,'',25,1,'2017-06-06 12:09:27.124000');
INSERT INTO "django_admin_log" VALUES(338,'261','ontrac',3,'',25,1,'2017-06-06 12:09:27.136000');
INSERT INTO "django_admin_log" VALUES(339,'260','oneworldexpress',3,'',25,1,'2017-06-06 12:09:27.148000');
INSERT INTO "django_admin_log" VALUES(340,'259','omniparcel',3,'',25,1,'2017-06-06 12:09:27.160000');
INSERT INTO "django_admin_log" VALUES(341,'258','old-dominion',3,'',25,1,'2017-06-06 12:09:27.173000');
INSERT INTO "django_admin_log" VALUES(342,'257','oca-ar',3,'',25,1,'2017-06-06 12:09:27.179000');
INSERT INTO "django_admin_log" VALUES(343,'256','nuvoex',3,'',25,1,'2017-06-06 12:09:27.185000');
INSERT INTO "django_admin_log" VALUES(344,'255','nova-poshta',3,'',25,1,'2017-06-06 12:09:27.191000');
INSERT INTO "django_admin_log" VALUES(345,'254','norsk-global',3,'',25,1,'2017-06-06 12:09:27.196000');
INSERT INTO "django_admin_log" VALUES(346,'253','nipost',3,'',25,1,'2017-06-06 12:09:27.207000');
INSERT INTO "django_admin_log" VALUES(347,'252','ninjavan-thai',3,'',25,1,'2017-06-06 12:09:27.219000');
INSERT INTO "django_admin_log" VALUES(348,'251','ninjavan-my',3,'',25,1,'2017-06-06 12:09:27.232000');
INSERT INTO "django_admin_log" VALUES(349,'250','ninjavan-id',3,'',25,1,'2017-06-06 12:09:27.244000');
INSERT INTO "django_admin_log" VALUES(350,'249','ninjavan',3,'',25,1,'2017-06-06 12:09:27.254000');
INSERT INTO "django_admin_log" VALUES(351,'248','nightline',3,'',25,1,'2017-06-06 12:09:27.264000');
INSERT INTO "django_admin_log" VALUES(352,'247','nhans-solutions',3,'',25,1,'2017-06-06 12:09:27.274000');
INSERT INTO "django_admin_log" VALUES(353,'246','tntpost-it',3,'',25,1,'2017-06-06 12:09:27.284000');
INSERT INTO "django_admin_log" VALUES(354,'245','newgistics',3,'',25,1,'2017-06-06 12:09:27.296000');
INSERT INTO "django_admin_log" VALUES(355,'244','new-zealand-post',3,'',25,1,'2017-06-06 12:09:27.307000');
INSERT INTO "django_admin_log" VALUES(356,'243','nationwide-my',3,'',25,1,'2017-06-06 12:09:27.316000');
INSERT INTO "django_admin_log" VALUES(357,'242','nanjingwoyuan',3,'',25,1,'2017-06-06 12:09:27.328000');
INSERT INTO "django_admin_log" VALUES(358,'241','nacex-spain',3,'',25,1,'2017-06-06 12:09:27.337000');
INSERT INTO "django_admin_log" VALUES(359,'240','mypostonline',3,'',25,1,'2017-06-06 12:09:27.349000');
INSERT INTO "django_admin_log" VALUES(360,'239','myhermes-uk',3,'',25,1,'2017-06-06 12:09:27.357000');
INSERT INTO "django_admin_log" VALUES(361,'238','mrw-spain',3,'',25,1,'2017-06-06 12:09:27.363000');
INSERT INTO "django_admin_log" VALUES(362,'237','mondialrelay',3,'',25,1,'2017-06-06 12:09:27.369000');
INSERT INTO "django_admin_log" VALUES(363,'236','mikropakket',3,'',25,1,'2017-06-06 12:09:27.376000');
INSERT INTO "django_admin_log" VALUES(364,'235','mexico-senda-express',3,'',25,1,'2017-06-06 12:09:27.382000');
INSERT INTO "django_admin_log" VALUES(365,'234','mexico-redpack',3,'',25,1,'2017-06-06 12:09:27.389000');
INSERT INTO "django_admin_log" VALUES(366,'233','aeroflash',3,'',25,1,'2017-06-06 12:09:27.395000');
INSERT INTO "django_admin_log" VALUES(367,'232','maxcellents',3,'',25,1,'2017-06-06 12:09:27.401000');
INSERT INTO "django_admin_log" VALUES(368,'231','matkahuolto',3,'',25,1,'2017-06-06 12:09:27.407000');
INSERT INTO "django_admin_log" VALUES(369,'230','matdespatch',3,'',25,1,'2017-06-06 12:09:27.419000');
INSERT INTO "django_admin_log" VALUES(370,'229','mara-xpress',3,'',25,1,'2017-06-06 12:09:27.429000');
INSERT INTO "django_admin_log" VALUES(371,'228','malaysia-post',3,'',25,1,'2017-06-06 12:09:27.439000');
INSERT INTO "django_admin_log" VALUES(372,'227','malaysia-post-posdaftar',3,'',25,1,'2017-06-06 12:09:27.449000');
INSERT INTO "django_admin_log" VALUES(373,'226','mailamericas',3,'',25,1,'2017-06-06 12:09:27.459000');
INSERT INTO "django_admin_log" VALUES(374,'225','magyar-posta',3,'',25,1,'2017-06-06 12:09:27.469000');
INSERT INTO "django_admin_log" VALUES(375,'224','logwin-logistics',3,'',25,1,'2017-06-06 12:09:27.481000');
INSERT INTO "django_admin_log" VALUES(376,'223','lwe-hk',3,'',25,1,'2017-06-06 12:09:27.492000');
INSERT INTO "django_admin_log" VALUES(377,'222','lion-parcel',3,'',25,1,'2017-06-06 12:09:27.502000');
INSERT INTO "django_admin_log" VALUES(378,'221','lietuvos-pastas',3,'',25,1,'2017-06-06 12:09:27.512000');
INSERT INTO "django_admin_log" VALUES(379,'220','lbcexpress',3,'',25,1,'2017-06-06 12:09:27.523000');
INSERT INTO "django_admin_log" VALUES(380,'219','lasership',3,'',25,1,'2017-06-06 12:09:27.535000');
INSERT INTO "django_admin_log" VALUES(381,'218','lao-post',3,'',25,1,'2017-06-06 12:09:27.546000');
INSERT INTO "django_admin_log" VALUES(382,'217','landmark-global',3,'',25,1,'2017-06-06 12:09:27.555000');
INSERT INTO "django_admin_log" VALUES(383,'216','la-poste-colissimo',3,'',25,1,'2017-06-06 12:09:27.561000');
INSERT INTO "django_admin_log" VALUES(384,'215','kn',3,'',25,1,'2017-06-06 12:09:27.566000');
INSERT INTO "django_admin_log" VALUES(385,'214','korea-post',3,'',25,1,'2017-06-06 12:09:27.572000');
INSERT INTO "django_admin_log" VALUES(386,'213','kiala',3,'',25,1,'2017-06-06 12:09:27.579000');
INSERT INTO "django_admin_log" VALUES(387,'212','kgmhub',3,'',25,1,'2017-06-06 12:09:27.584000');
INSERT INTO "django_admin_log" VALUES(388,'211','kerryttc-vn',3,'',25,1,'2017-06-06 12:09:27.591000');
INSERT INTO "django_admin_log" VALUES(389,'210','kerry-logistics',3,'',25,1,'2017-06-06 12:09:27.597000');
INSERT INTO "django_admin_log" VALUES(390,'209','tgx',3,'',25,1,'2017-06-06 12:09:27.602000');
INSERT INTO "django_admin_log" VALUES(391,'208','kangaroo-my',3,'',25,1,'2017-06-06 12:09:27.609000');
INSERT INTO "django_admin_log" VALUES(392,'207','bh-posta',3,'',25,1,'2017-06-06 12:09:27.615000');
INSERT INTO "django_admin_log" VALUES(393,'206','jocom',3,'',25,1,'2017-06-06 12:09:27.620000');
INSERT INTO "django_admin_log" VALUES(394,'205','jne',3,'',25,1,'2017-06-06 12:09:27.630000');
INSERT INTO "django_admin_log" VALUES(395,'204','jet-ship',3,'',25,1,'2017-06-06 12:09:27.641000');
INSERT INTO "django_admin_log" VALUES(396,'203','jersey-post',3,'',25,1,'2017-06-06 12:09:27.653000');
INSERT INTO "django_admin_log" VALUES(397,'202','jcex',3,'',25,1,'2017-06-06 12:09:27.662000');
INSERT INTO "django_admin_log" VALUES(398,'201','jayonexpress',3,'',25,1,'2017-06-06 12:09:27.672000');
INSERT INTO "django_admin_log" VALUES(399,'200','japan-post',3,'',25,1,'2017-06-06 12:09:27.681000');
INSERT INTO "django_admin_log" VALUES(400,'199','jam-express',3,'',25,1,'2017-06-06 12:09:34.982000');
INSERT INTO "django_admin_log" VALUES(401,'198','itis',3,'',25,1,'2017-06-06 12:09:34.994000');
INSERT INTO "django_admin_log" VALUES(402,'197','italy-sda',3,'',25,1,'2017-06-06 12:09:35.004000');
INSERT INTO "django_admin_log" VALUES(403,'196','israel-post-domestic',3,'',25,1,'2017-06-06 12:09:35.013000');
INSERT INTO "django_admin_log" VALUES(404,'195','israel-post',3,'',25,1,'2017-06-06 12:09:35.024000');
INSERT INTO "django_admin_log" VALUES(405,'194','i-parcel',3,'',25,1,'2017-06-06 12:09:35.040000');
INSERT INTO "django_admin_log" VALUES(406,'193','international-seur',3,'',25,1,'2017-06-06 12:09:35.163000');
INSERT INTO "django_admin_log" VALUES(407,'192','inpost-paczkomaty',3,'',25,1,'2017-06-06 12:09:35.168000');
INSERT INTO "django_admin_log" VALUES(408,'191','india-post-int',3,'',25,1,'2017-06-06 12:09:35.174000');
INSERT INTO "django_admin_log" VALUES(409,'190','india-post',3,'',25,1,'2017-06-06 12:09:35.179000');
INSERT INTO "django_admin_log" VALUES(410,'189','imxmail',3,'',25,1,'2017-06-06 12:09:35.184000');
INSERT INTO "django_admin_log" VALUES(411,'188','imexglobalsolutions',3,'',25,1,'2017-06-06 12:09:35.190000');
INSERT INTO "django_admin_log" VALUES(412,'187','idexpress',3,'',25,1,'2017-06-06 12:09:35.197000');
INSERT INTO "django_admin_log" VALUES(413,'186','postur-is',3,'',25,1,'2017-06-06 12:09:35.202000');
INSERT INTO "django_admin_log" VALUES(414,'185','hunter-express',3,'',25,1,'2017-06-06 12:09:35.212000');
INSERT INTO "django_admin_log" VALUES(415,'184','hh-exp',3,'',25,1,'2017-06-06 12:09:35.222000');
INSERT INTO "django_admin_log" VALUES(416,'183','hrvatska-posta',3,'',25,1,'2017-06-06 12:09:35.232000');
INSERT INTO "django_admin_log" VALUES(417,'182','hong-kong-post',3,'',25,1,'2017-06-06 12:09:35.242000');
INSERT INTO "django_admin_log" VALUES(418,'181','homedirect-logistics',3,'',25,1,'2017-06-06 12:09:35.251000');
INSERT INTO "django_admin_log" VALUES(419,'180','holisol',3,'',25,1,'2017-06-06 12:09:35.261000');
INSERT INTO "django_admin_log" VALUES(420,'179','hermes',3,'',25,1,'2017-06-06 12:09:35.271000');
INSERT INTO "django_admin_log" VALUES(421,'178','hermes-it',3,'',25,1,'2017-06-06 12:09:35.282000');
INSERT INTO "django_admin_log" VALUES(422,'177','hermes-de',3,'',25,1,'2017-06-06 12:09:35.294000');
INSERT INTO "django_admin_log" VALUES(423,'176','greyhound',3,'',25,1,'2017-06-06 12:09:35.303000');
INSERT INTO "django_admin_log" VALUES(424,'175','gojavas',3,'',25,1,'2017-06-06 12:09:35.314000');
INSERT INTO "django_admin_log" VALUES(425,'174','gofly',3,'',25,1,'2017-06-06 12:09:35.324000');
INSERT INTO "django_admin_log" VALUES(426,'173','gls-netherlands',3,'',25,1,'2017-06-06 12:09:35.334000');
INSERT INTO "django_admin_log" VALUES(427,'172','gls-italy',3,'',25,1,'2017-06-06 12:09:35.345000');
INSERT INTO "django_admin_log" VALUES(428,'171','gls',3,'',25,1,'2017-06-06 12:09:35.355000');
INSERT INTO "django_admin_log" VALUES(429,'170','globegistics',3,'',25,1,'2017-06-06 12:09:35.365000');
INSERT INTO "django_admin_log" VALUES(430,'169','ghn',3,'',25,1,'2017-06-06 12:09:35.375000');
INSERT INTO "django_admin_log" VALUES(431,'168','geodis-espace',3,'',25,1,'2017-06-06 12:09:35.385000');
INSERT INTO "django_admin_log" VALUES(432,'167','geodis-calberson-fr',3,'',25,1,'2017-06-06 12:09:35.392000');
INSERT INTO "django_admin_log" VALUES(433,'166','taxydromiki',3,'',25,1,'2017-06-06 12:09:35.397000');
INSERT INTO "django_admin_log" VALUES(434,'165','gdex',3,'',25,1,'2017-06-06 12:09:35.403000');
INSERT INTO "django_admin_log" VALUES(435,'164','gati-kwe',3,'',25,1,'2017-06-06 12:09:35.409000');
INSERT INTO "django_admin_log" VALUES(436,'163','flytexpress',3,'',25,1,'2017-06-06 12:09:35.415000');
INSERT INTO "django_admin_log" VALUES(437,'162','first-logistics',3,'',25,1,'2017-06-06 12:09:35.425000');
INSERT INTO "django_admin_log" VALUES(438,'161','first-flight',3,'',25,1,'2017-06-06 12:09:35.437000');
INSERT INTO "django_admin_log" VALUES(439,'160','fercam',3,'',25,1,'2017-06-06 12:09:35.447000');
INSERT INTO "django_admin_log" VALUES(440,'159','fedex-uk',3,'',25,1,'2017-06-06 12:09:35.457000');
INSERT INTO "django_admin_log" VALUES(441,'158','opek',3,'',25,1,'2017-06-06 12:09:35.467000');
INSERT INTO "django_admin_log" VALUES(442,'157','fedex-freight',3,'',25,1,'2017-06-06 12:09:35.477000');
INSERT INTO "django_admin_log" VALUES(443,'156','fedex',3,'',25,1,'2017-06-06 12:09:35.489000');
INSERT INTO "django_admin_log" VALUES(444,'155','fastway-za',3,'',25,1,'2017-06-06 12:09:35.499000');
INSERT INTO "django_admin_log" VALUES(445,'154','fastway-nz',3,'',25,1,'2017-06-06 12:09:35.510000');
INSERT INTO "django_admin_log" VALUES(446,'153','fastway-ireland',3,'',25,1,'2017-06-06 12:09:35.520000');
INSERT INTO "django_admin_log" VALUES(447,'152','fastway-au',3,'',25,1,'2017-06-06 12:09:35.531000');
INSERT INTO "django_admin_log" VALUES(448,'151','fastrak-th',3,'',25,1,'2017-06-06 12:09:35.541000');
INSERT INTO "django_admin_log" VALUES(449,'150','expeditors',3,'',25,1,'2017-06-06 12:09:35.555000');
INSERT INTO "django_admin_log" VALUES(450,'149','eurodis',3,'',25,1,'2017-06-06 12:09:35.566000');
INSERT INTO "django_admin_log" VALUES(451,'148','estes',3,'',25,1,'2017-06-06 12:09:35.576000');
INSERT INTO "django_admin_log" VALUES(452,'147','estafeta',3,'',25,1,'2017-06-06 12:09:35.586000');
INSERT INTO "django_admin_log" VALUES(453,'146','equick-cn',3,'',25,1,'2017-06-06 12:09:35.596000');
INSERT INTO "django_admin_log" VALUES(454,'145','eparcel-kr',3,'',25,1,'2017-06-06 12:09:35.610000');
INSERT INTO "django_admin_log" VALUES(455,'144','envialia',3,'',25,1,'2017-06-06 12:09:35.619000');
INSERT INTO "django_admin_log" VALUES(456,'143','ensenda',3,'',25,1,'2017-06-06 12:09:35.629000');
INSERT INTO "django_admin_log" VALUES(457,'142','empsexpress',3,'',25,1,'2017-06-06 12:09:35.639000');
INSERT INTO "django_admin_log" VALUES(458,'141','emirates-post',3,'',25,1,'2017-06-06 12:09:35.681000');
INSERT INTO "django_admin_log" VALUES(459,'140','elta-courier',3,'',25,1,'2017-06-06 12:09:35.694000');
INSERT INTO "django_admin_log" VALUES(460,'139','ekart',3,'',25,1,'2017-06-06 12:09:35.704000');
INSERT INTO "django_admin_log" VALUES(461,'138','ecom-express',3,'',25,1,'2017-06-06 12:09:35.715000');
INSERT INTO "django_admin_log" VALUES(462,'137','echo',3,'',25,1,'2017-06-06 12:09:35.725000');
INSERT INTO "django_admin_log" VALUES(463,'136','ec-firstclass',3,'',25,1,'2017-06-06 12:09:35.735000');
INSERT INTO "django_admin_log" VALUES(464,'135','ecargo-asia',3,'',25,1,'2017-06-06 12:09:35.748000');
INSERT INTO "django_admin_log" VALUES(465,'134','easy-mail',3,'',25,1,'2017-06-06 12:09:35.758000');
INSERT INTO "django_admin_log" VALUES(466,'133','dynamic-logistics',3,'',25,1,'2017-06-06 12:09:35.768000');
INSERT INTO "django_admin_log" VALUES(467,'132','dtdc',3,'',25,1,'2017-06-06 12:09:35.778000');
INSERT INTO "django_admin_log" VALUES(468,'131','dtdc-au',3,'',25,1,'2017-06-06 12:09:35.787000');
INSERT INTO "django_admin_log" VALUES(469,'130','dsv',3,'',25,1,'2017-06-06 12:09:35.800000');
INSERT INTO "django_admin_log" VALUES(470,'129','szdpex',3,'',25,1,'2017-06-06 12:09:35.810000');
INSERT INTO "django_admin_log" VALUES(471,'128','dpex',3,'',25,1,'2017-06-06 12:09:35.819000');
INSERT INTO "django_admin_log" VALUES(472,'127','dpe-za',3,'',25,1,'2017-06-06 12:09:35.829000');
INSERT INTO "django_admin_log" VALUES(473,'126','dpe-express',3,'',25,1,'2017-06-06 12:09:35.839000');
INSERT INTO "django_admin_log" VALUES(474,'125','dpd-uk',3,'',25,1,'2017-06-06 12:09:35.962000');
INSERT INTO "django_admin_log" VALUES(475,'124','dpd-poland',3,'',25,1,'2017-06-06 12:09:35.973000');
INSERT INTO "django_admin_log" VALUES(476,'123','interlink-express-reference',3,'',25,1,'2017-06-06 12:09:35.983000');
INSERT INTO "django_admin_log" VALUES(477,'122','interlink-express',3,'',25,1,'2017-06-06 12:09:35.994000');
INSERT INTO "django_admin_log" VALUES(478,'121','dpd-ireland',3,'',25,1,'2017-06-06 12:09:36.004000');
INSERT INTO "django_admin_log" VALUES(479,'120','dpd-de',3,'',25,1,'2017-06-06 12:09:36.014000');
INSERT INTO "django_admin_log" VALUES(480,'119','exapaq',3,'',25,1,'2017-06-06 12:09:36.025000');
INSERT INTO "django_admin_log" VALUES(481,'118','dpd',3,'',25,1,'2017-06-06 12:09:36.037000');
INSERT INTO "django_admin_log" VALUES(482,'117','dotzot',3,'',25,1,'2017-06-06 12:09:36.047000');
INSERT INTO "django_admin_log" VALUES(483,'116','dmm-network',3,'',25,1,'2017-06-06 12:09:36.057000');
INSERT INTO "django_admin_log" VALUES(484,'115','directlog',3,'',25,1,'2017-06-06 12:09:36.067000');
INSERT INTO "django_admin_log" VALUES(485,'114','directlink',3,'',25,1,'2017-06-06 12:09:36.077000');
INSERT INTO "django_admin_log" VALUES(486,'113','directfreight-au',3,'',25,1,'2017-06-06 12:09:36.086000');
INSERT INTO "django_admin_log" VALUES(487,'112','dhl-es',3,'',25,1,'2017-06-06 12:09:36.096000');
INSERT INTO "django_admin_log" VALUES(488,'111','dhl-poland',3,'',25,1,'2017-06-06 12:09:36.106000');
INSERT INTO "django_admin_log" VALUES(489,'110','dhlparcel-nl',3,'',25,1,'2017-06-06 12:09:36.116000');
INSERT INTO "django_admin_log" VALUES(490,'109','dhl-nl',3,'',25,1,'2017-06-06 12:09:36.125000');
INSERT INTO "django_admin_log" VALUES(491,'108','dhl-hk',3,'',25,1,'2017-06-06 12:09:36.135000');
INSERT INTO "django_admin_log" VALUES(492,'107','dhl-global-mail-asia',3,'',25,1,'2017-06-06 12:09:36.145000');
INSERT INTO "django_admin_log" VALUES(493,'106','dhl-global-forwarding',3,'',25,1,'2017-06-06 12:09:36.154000');
INSERT INTO "django_admin_log" VALUES(494,'105','dhl-pieceid',3,'',25,1,'2017-06-06 12:09:36.165000');
INSERT INTO "django_admin_log" VALUES(495,'104','dhl',3,'',25,1,'2017-06-06 12:09:36.178000');
INSERT INTO "django_admin_log" VALUES(496,'103','dhl-global-mail',3,'',25,1,'2017-06-06 12:09:36.188000');
INSERT INTO "django_admin_log" VALUES(497,'102','dhl-benelux',3,'',25,1,'2017-06-06 12:09:36.198000');
INSERT INTO "django_admin_log" VALUES(498,'101','dhl-active-tracing',3,'',25,1,'2017-06-06 12:09:36.208000');
INSERT INTO "django_admin_log" VALUES(499,'100','dhl-deliverit',3,'',25,1,'2017-06-06 12:09:36.217000');
INSERT INTO "django_admin_log" VALUES(500,'99','dex-i',3,'',25,1,'2017-06-06 12:09:44.234000');
INSERT INTO "django_admin_log" VALUES(501,'98','deutsch-post',3,'',25,1,'2017-06-06 12:09:44.240000');
INSERT INTO "django_admin_log" VALUES(502,'97','dhl-germany',3,'',25,1,'2017-06-06 12:09:44.246000');
INSERT INTO "django_admin_log" VALUES(503,'96','detrack',3,'',25,1,'2017-06-06 12:09:44.256000');
INSERT INTO "django_admin_log" VALUES(504,'95','deltec-courier',3,'',25,1,'2017-06-06 12:09:44.265000');
INSERT INTO "django_admin_log" VALUES(505,'94','delhivery',3,'',25,1,'2017-06-06 12:09:44.275000');
INSERT INTO "django_admin_log" VALUES(506,'93','delcart-in',3,'',25,1,'2017-06-06 12:09:44.284000');
INSERT INTO "django_admin_log" VALUES(507,'92','dbschenker-se',3,'',25,1,'2017-06-06 12:09:44.294000');
INSERT INTO "django_admin_log" VALUES(508,'91','dawnwing',3,'',25,1,'2017-06-06 12:09:44.303000');
INSERT INTO "django_admin_log" VALUES(509,'90','cyprus-post',3,'',25,1,'2017-06-06 12:09:44.314000');
INSERT INTO "django_admin_log" VALUES(510,'89','cuckooexpress',3,'',25,1,'2017-06-06 12:09:44.323000');
INSERT INTO "django_admin_log" VALUES(511,'88','cpacket',3,'',25,1,'2017-06-06 12:09:44.334000');
INSERT INTO "django_admin_log" VALUES(512,'87','couriers-please',3,'',25,1,'2017-06-06 12:09:44.344000');
INSERT INTO "django_admin_log" VALUES(513,'86','courierpost',3,'',25,1,'2017-06-06 12:09:44.354000');
INSERT INTO "django_admin_log" VALUES(514,'85','courier-plus',3,'',25,1,'2017-06-06 12:09:44.366000');
INSERT INTO "django_admin_log" VALUES(515,'84','Courier Slug',3,'',25,1,'2017-06-06 12:09:44.376000');
INSERT INTO "django_admin_log" VALUES(516,'83','courierit',3,'',25,1,'2017-06-06 12:09:44.385000');
INSERT INTO "django_admin_log" VALUES(517,'82','courex',3,'',25,1,'2017-06-06 12:09:44.395000');
INSERT INTO "django_admin_log" VALUES(518,'81','costmeticsnow',3,'',25,1,'2017-06-06 12:09:44.407000');
INSERT INTO "django_admin_log" VALUES(519,'80','correosexpress',3,'',25,1,'2017-06-06 12:09:44.417000');
INSERT INTO "django_admin_log" VALUES(520,'79','correos-de-mexico',3,'',25,1,'2017-06-06 12:09:44.427000');
INSERT INTO "django_admin_log" VALUES(521,'78','spain-correos-es',3,'',25,1,'2017-06-06 12:09:44.437000');
INSERT INTO "django_admin_log" VALUES(522,'77','correos-de-costa-rica',3,'',25,1,'2017-06-06 12:09:44.445000');
INSERT INTO "django_admin_log" VALUES(523,'76','correos-chile',3,'',25,1,'2017-06-06 12:09:44.450000');
INSERT INTO "django_admin_log" VALUES(524,'75','correo-argentino',3,'',25,1,'2017-06-06 12:09:44.455000');
INSERT INTO "django_admin_log" VALUES(525,'74','copa-courier',3,'',25,1,'2017-06-06 12:09:44.461000');
INSERT INTO "django_admin_log" VALUES(526,'73','con-way',3,'',25,1,'2017-06-06 12:09:44.466000');
INSERT INTO "django_admin_log" VALUES(527,'72','collectplus',3,'',25,1,'2017-06-06 12:09:44.473000');
INSERT INTO "django_admin_log" VALUES(528,'71','colissimo',3,'',25,1,'2017-06-06 12:09:44.483000');
INSERT INTO "django_admin_log" VALUES(529,'70','colis-prive',3,'',25,1,'2017-06-06 12:09:44.492000');
INSERT INTO "django_admin_log" VALUES(530,'69','cnexps',3,'',25,1,'2017-06-06 12:09:44.504000');
INSERT INTO "django_admin_log" VALUES(531,'68','cj-korea-thai',3,'',25,1,'2017-06-06 12:09:44.514000');
INSERT INTO "django_admin_log" VALUES(532,'67','cj-gls',3,'',25,1,'2017-06-06 12:09:44.524000');
INSERT INTO "django_admin_log" VALUES(533,'66','citylinkexpress',3,'',25,1,'2017-06-06 12:09:44.534000');
INSERT INTO "django_admin_log" VALUES(534,'65','chronopost-portugal',3,'',25,1,'2017-06-06 12:09:44.544000');
INSERT INTO "django_admin_log" VALUES(535,'64','chronopost-france',3,'',25,1,'2017-06-06 12:09:44.556000');
INSERT INTO "django_admin_log" VALUES(536,'63','china-post',3,'',25,1,'2017-06-06 12:09:44.566000');
INSERT INTO "django_admin_log" VALUES(537,'62','china-ems',3,'',25,1,'2017-06-06 12:09:44.576000');
INSERT INTO "django_admin_log" VALUES(538,'61','cbl-logistica',3,'',25,1,'2017-06-06 12:09:44.586000');
INSERT INTO "django_admin_log" VALUES(539,'60','canpar',3,'',25,1,'2017-06-06 12:09:44.597000');
INSERT INTO "django_admin_log" VALUES(540,'59','canada-post',3,'',25,1,'2017-06-06 12:09:44.607000');
INSERT INTO "django_admin_log" VALUES(541,'58','cambodia-post',3,'',25,1,'2017-06-06 12:09:44.616000');
INSERT INTO "django_admin_log" VALUES(542,'57','buylogic',3,'',25,1,'2017-06-06 12:09:44.627000');
INSERT INTO "django_admin_log" VALUES(543,'56','bgpost',3,'',25,1,'2017-06-06 12:09:44.637000');
INSERT INTO "django_admin_log" VALUES(544,'55','brt-it-parcelid',3,'',25,1,'2017-06-06 12:09:44.647000');
INSERT INTO "django_admin_log" VALUES(545,'54','brt-it',3,'',25,1,'2017-06-06 12:09:44.657000');
INSERT INTO "django_admin_log" VALUES(546,'53','brazil-correios',3,'',25,1,'2017-06-06 12:09:44.663000');
INSERT INTO "django_admin_log" VALUES(547,'52','bpost-international',3,'',25,1,'2017-06-06 12:09:44.668000');
INSERT INTO "django_admin_log" VALUES(548,'51','bpost',3,'',25,1,'2017-06-06 12:09:44.673000');
INSERT INTO "django_admin_log" VALUES(549,'50','boxc',3,'',25,1,'2017-06-06 12:09:44.678000');
INSERT INTO "django_admin_log" VALUES(550,'49','bondscouriers',3,'',25,1,'2017-06-06 12:09:44.683000');
INSERT INTO "django_admin_log" VALUES(551,'48','bluedart',3,'',25,1,'2017-06-06 12:09:44.689000');
INSERT INTO "django_admin_log" VALUES(552,'47','800bestex',3,'',25,1,'2017-06-06 12:09:44.698000');
INSERT INTO "django_admin_log" VALUES(553,'46','bert-fr',3,'',25,1,'2017-06-06 12:09:44.708000');
INSERT INTO "django_admin_log" VALUES(554,'45','belpost',3,'',25,1,'2017-06-06 12:09:44.718000');
INSERT INTO "django_admin_log" VALUES(555,'44','b2ceurope',3,'',25,1,'2017-06-06 12:09:44.727000');
INSERT INTO "django_admin_log" VALUES(556,'43','axl',3,'',25,1,'2017-06-06 12:09:44.739000');
INSERT INTO "django_admin_log" VALUES(557,'42','austrian-post-registered',3,'',25,1,'2017-06-06 12:09:44.748000');
INSERT INTO "django_admin_log" VALUES(558,'41','austrian-post',3,'',25,1,'2017-06-06 12:09:44.758000');
INSERT INTO "django_admin_log" VALUES(559,'40','australia-post',3,'',25,1,'2017-06-06 12:09:44.769000');
INSERT INTO "django_admin_log" VALUES(560,'39','aupost-china',3,'',25,1,'2017-06-06 12:09:44.779000');
INSERT INTO "django_admin_log" VALUES(561,'38','asm',3,'',25,1,'2017-06-06 12:09:44.792000');
INSERT INTO "django_admin_log" VALUES(562,'37','asendia-usa',3,'',25,1,'2017-06-06 12:09:44.802000');
INSERT INTO "django_admin_log" VALUES(563,'36','asendia-uk',3,'',25,1,'2017-06-06 12:09:44.812000');
INSERT INTO "django_admin_log" VALUES(564,'35','skypostal',3,'',25,1,'2017-06-06 12:09:44.822000');
INSERT INTO "django_admin_log" VALUES(565,'34','asendia-hk',3,'',25,1,'2017-06-06 12:09:44.831000');
INSERT INTO "django_admin_log" VALUES(566,'33','asendia-de',3,'',25,1,'2017-06-06 12:09:44.845000');
INSERT INTO "django_admin_log" VALUES(567,'32','arrowxl',3,'',25,1,'2017-06-06 12:09:44.850000');
INSERT INTO "django_admin_log" VALUES(568,'31','aramex',3,'',25,1,'2017-06-06 12:09:44.855000');
INSERT INTO "django_admin_log" VALUES(569,'30','apc',3,'',25,1,'2017-06-06 12:09:44.860000');
INSERT INTO "django_admin_log" VALUES(570,'29','ceska-posta',3,'',25,1,'2017-06-06 12:09:44.865000');
INSERT INTO "django_admin_log" VALUES(571,'28','an-post',3,'',25,1,'2017-06-06 12:09:44.871000');
INSERT INTO "django_admin_log" VALUES(572,'27','alphafast',3,'',25,1,'2017-06-06 12:09:44.876000');
INSERT INTO "django_admin_log" VALUES(573,'26','alliedexpress',3,'',25,1,'2017-06-06 12:09:44.881000');
INSERT INTO "django_admin_log" VALUES(574,'25','airspeed',3,'',25,1,'2017-06-06 12:09:44.887000');
INSERT INTO "django_admin_log" VALUES(575,'24','airpak-express',3,'',25,1,'2017-06-06 12:09:44.897000');
INSERT INTO "django_admin_log" VALUES(576,'23','air21',3,'',25,1,'2017-06-06 12:09:44.906000');
INSERT INTO "django_admin_log" VALUES(577,'22','adsone',3,'',25,1,'2017-06-06 12:09:44.919000');
INSERT INTO "django_admin_log" VALUES(578,'21','adicional',3,'',25,1,'2017-06-06 12:09:44.928000');
INSERT INTO "django_admin_log" VALUES(579,'20','acscourier',3,'',25,1,'2017-06-06 12:09:44.938000');
INSERT INTO "django_admin_log" VALUES(580,'19','acommerce',3,'',25,1,'2017-06-06 12:09:44.948000');
INSERT INTO "django_admin_log" VALUES(581,'18','abxexpress-my',3,'',25,1,'2017-06-06 12:09:44.957000');
INSERT INTO "django_admin_log" VALUES(582,'17','abf',3,'',25,1,'2017-06-06 12:09:44.970000');
INSERT INTO "django_admin_log" VALUES(583,'16','abcustom',3,'',25,1,'2017-06-06 12:09:44.980000');
INSERT INTO "django_admin_log" VALUES(584,'15','ajexpress',3,'',25,1,'2017-06-06 12:09:44.990000');
INSERT INTO "django_admin_log" VALUES(585,'14','4px',3,'',25,1,'2017-06-06 12:09:45');
INSERT INTO "django_admin_log" VALUES(586,'13','1972-04-01 00:00:00',3,'',25,1,'2017-06-06 12:09:45.009000');
INSERT INTO "django_admin_log" VALUES(587,'12','360lion',3,'',25,1,'2017-06-06 12:09:45.020000');
INSERT INTO "django_admin_log" VALUES(588,'11','2go',3,'',25,1,'2017-06-06 12:09:45.025000');
INSERT INTO "django_admin_log" VALUES(589,'789','17 Post Service',1,'[{"added": {}}]',25,1,'2017-06-06 12:12:42.527000');
INSERT INTO "django_admin_log" VALUES(590,'2','TrackingInfo object',3,'',26,1,'2017-07-11 01:55:19.188000');
INSERT INTO "django_admin_log" VALUES(591,'1','TrackingInfo object',3,'',26,1,'2017-07-11 01:55:19.200000');
INSERT INTO "django_admin_log" VALUES(592,'3','TrackingInfo object',3,'',26,1,'2017-07-11 01:56:09.305000');
INSERT INTO "django_admin_log" VALUES(593,'5','TrackingInfo object',3,'',26,1,'2017-07-11 01:57:22.828000');
INSERT INTO "django_admin_log" VALUES(594,'4','TrackingInfo object',3,'',26,1,'2017-07-11 01:57:22.838000');
INSERT INTO "django_admin_log" VALUES(595,'6','TrackingInfo object',3,'',26,1,'2017-07-11 01:57:56.301000');
INSERT INTO "django_admin_log" VALUES(596,'12','TrackingInfo object',3,'',26,1,'2017-07-11 03:20:45.440000');
INSERT INTO "django_admin_log" VALUES(597,'11','TrackingInfo object',3,'',26,1,'2017-07-11 03:20:45.445000');
INSERT INTO "django_admin_log" VALUES(598,'10','TrackingInfo object',3,'',26,1,'2017-07-11 03:20:45.451000');
INSERT INTO "django_admin_log" VALUES(599,'9','TrackingInfo object',3,'',26,1,'2017-07-11 03:20:45.456000');
INSERT INTO "django_admin_log" VALUES(600,'8','TrackingInfo object',3,'',26,1,'2017-07-11 03:20:45.461000');
INSERT INTO "django_admin_log" VALUES(601,'7','TrackingInfo object',3,'',26,1,'2017-07-11 03:20:45.466000');
INSERT INTO "django_admin_log" VALUES(602,'13','TrackingInfo object',3,'',26,1,'2017-07-11 03:23:06.494000');
INSERT INTO "django_admin_log" VALUES(603,'14','TrackingInfo object',3,'',26,1,'2017-07-11 06:44:50.148000');
INSERT INTO "django_admin_log" VALUES(604,'1','naveena',2,'[{"changed": {"fields": ["password"]}}]',4,1,'2017-07-12 07:06:43.940000');
INSERT INTO "django_admin_log" VALUES(605,'95','Material object',3,'',20,1,'2017-07-12 07:49:19.167000');
INSERT INTO "django_admin_log" VALUES(606,'56','Material object',3,'',20,1,'2017-07-12 07:49:19.178000');
INSERT INTO "django_admin_log" VALUES(607,'2','OrderListing object',3,'',27,1,'2017-07-17 16:10:38.767000');
INSERT INTO "django_admin_log" VALUES(608,'1','CategoryList object',3,'',28,1,'2017-07-18 04:06:42.474000');
INSERT INTO "django_admin_log" VALUES(609,'3','CategoryList object',3,'',28,1,'2017-07-18 05:00:44.042000');
INSERT INTO "django_admin_log" VALUES(610,'1','VendorList object',3,'',30,1,'2017-07-18 05:03:37.587000');
INSERT INTO "django_admin_log" VALUES(611,'6','CategoryList object',3,'',28,1,'2017-07-19 03:05:43.474000');
INSERT INTO "django_admin_log" VALUES(612,'5','CategoryList object',3,'',28,1,'2017-07-19 03:05:43.485000');
INSERT INTO "django_admin_log" VALUES(613,'4','CategoryList object',3,'',28,1,'2017-07-19 03:05:43.497000');
INSERT INTO "django_admin_log" VALUES(614,'2','CategoryList object',3,'',28,1,'2017-07-19 03:05:43.506000');
INSERT INTO "django_admin_log" VALUES(615,'9','CategoryList object',1,'[{"added": {}}]',28,1,'2017-07-19 07:03:55.361000');
INSERT INTO "django_admin_log" VALUES(616,'9','Others',3,'',28,1,'2017-07-21 04:42:08.240000');
INSERT INTO "django_admin_log" VALUES(617,'23','new test',3,'',28,1,'2017-07-21 09:06:16.051000');
INSERT INTO "django_admin_log" VALUES(618,'22','Mechanical',3,'',28,1,'2017-07-21 09:06:16.056000');
INSERT INTO "django_admin_log" VALUES(619,'21','Electrical',3,'',28,1,'2017-07-21 09:06:16.062000');
INSERT INTO "django_admin_log" VALUES(620,'20','',3,'',28,1,'2017-07-21 09:06:16.067000');
INSERT INTO "django_admin_log" VALUES(621,'5','VendorList object',2,'[]',30,1,'2017-07-23 14:50:15.261000');
INSERT INTO "django_admin_log" VALUES(622,'6','VendorList object',2,'[]',30,1,'2017-07-23 14:50:22.362000');
INSERT INTO "django_admin_log" VALUES(623,'7','VendorList object',2,'[]',30,1,'2017-07-23 14:50:27.999000');
INSERT INTO "django_admin_log" VALUES(624,'8','VendorList object',2,'[]',30,1,'2017-07-23 14:50:30.730000');
INSERT INTO "django_admin_log" VALUES(625,'10','test',1,'[{"added": {}}]',4,1,'2017-07-28 09:15:17.255000');
INSERT INTO "django_admin_log" VALUES(626,'1','High',1,'[{"added": {}}]',31,1,'2017-08-01 14:37:53.658000');
INSERT INTO "django_admin_log" VALUES(627,'2','Must-have',1,'[{"added": {}}]',31,1,'2017-08-01 14:38:12.154000');
INSERT INTO "django_admin_log" VALUES(628,'3','Nice-to-have',1,'[{"added": {}}]',31,1,'2017-08-01 14:38:26.820000');
INSERT INTO "django_admin_log" VALUES(629,'4','Plan-B',1,'[{"added": {}}]',31,1,'2017-08-01 14:38:41.718000');
INSERT INTO "django_admin_log" VALUES(630,'5','Not Approved',2,'[{"changed": {"fields": ["name"]}}]',21,1,'2017-08-23 10:18:57.307000');
INSERT INTO "django_admin_log" VALUES(631,'2','Not Placed',2,'[{"changed": {"fields": ["name"]}}]',21,1,'2017-08-23 10:19:17.016000');
INSERT INTO "django_admin_log" VALUES(632,'2','Not Placed',2,'[{"changed": {"fields": ["status_id"]}}]',21,1,'2017-08-23 10:19:53.321000');
INSERT INTO "django_admin_log" VALUES(633,'1','Placed',2,'[{"changed": {"fields": ["status_id"]}}]',21,1,'2017-08-23 10:20:12.089000');
INSERT INTO "django_admin_log" VALUES(634,'2','Not Placed',2,'[{"changed": {"fields": ["status_id"]}}]',21,1,'2017-08-23 10:20:19.809000');
INSERT INTO "django_admin_log" VALUES(635,'5','Not Approved',2,'[{"changed": {"fields": ["status_id"]}}]',21,1,'2017-08-25 03:50:07.687000');
INSERT INTO "django_admin_log" VALUES(636,'2','Not Placed',2,'[{"changed": {"fields": ["status_id"]}}]',21,1,'2017-08-25 03:50:20.072000');
INSERT INTO "django_admin_log" VALUES(637,'2','Not Placed',2,'[]',21,1,'2017-08-25 03:50:22.274000');
INSERT INTO "django_admin_log" VALUES(638,'1','Placed',2,'[{"changed": {"fields": ["status_id"]}}]',21,1,'2017-08-25 03:50:33.406000');
INSERT INTO "django_admin_log" VALUES(639,'4','Shipped',2,'[{"changed": {"fields": ["status_id"]}}]',21,1,'2017-08-25 03:50:44.054000');
INSERT INTO "django_admin_log" VALUES(640,'3','Delivered',2,'[{"changed": {"fields": ["status_id"]}}]',21,1,'2017-08-25 03:50:52.069000');
INSERT INTO "django_admin_log" VALUES(641,'11','nonstaff',1,'[{"added": {}}]',4,1,'2017-08-25 06:46:24.165000');
INSERT INTO "django_admin_log" VALUES(642,'14','MaterialComment object',3,'',23,1,'2017-08-29 08:05:34.646000');
INSERT INTO "django_admin_log" VALUES(643,'13','MaterialComment object',3,'',23,1,'2017-08-29 08:05:34.661000');
INSERT INTO "django_admin_log" VALUES(644,'12','MaterialComment object',3,'',23,1,'2017-08-29 08:05:34.677000');
INSERT INTO "django_admin_log" VALUES(645,'11','MaterialComment object',3,'',23,1,'2017-08-29 08:05:34.677000');
INSERT INTO "django_admin_log" VALUES(646,'10','MaterialComment object',3,'',23,1,'2017-08-29 08:05:34.693000');
INSERT INTO "django_admin_log" VALUES(647,'9','MaterialComment object',3,'',23,1,'2017-08-29 08:05:34.693000');
INSERT INTO "django_admin_log" VALUES(648,'8','MaterialComment object',3,'',23,1,'2017-08-29 08:05:34.708000');
INSERT INTO "django_admin_log" VALUES(649,'15','MaterialComment object',3,'',23,1,'2017-08-29 08:05:45.522000');
INSERT INTO "django_admin_log" VALUES(650,'9','ReadCommentTrack object',3,'',32,1,'2017-09-03 14:00:07.529000');
INSERT INTO "django_admin_log" VALUES(651,'8','ReadCommentTrack object',3,'',32,1,'2017-09-03 14:00:07.529000');
INSERT INTO "django_admin_log" VALUES(652,'7','ReadCommentTrack object',3,'',32,1,'2017-09-03 14:00:07.545000');
INSERT INTO "django_admin_log" VALUES(653,'4','ReadCommentTrack object',2,'[{"changed": {"fields": ["read_flag"]}}]',32,1,'2017-09-16 05:43:19.614000');
INSERT INTO "django_admin_log" VALUES(654,'1','ReadCommentTrack object',2,'[{"changed": {"fields": ["read_flag"]}}]',32,1,'2017-09-16 05:43:25.771000');
INSERT INTO "django_admin_log" VALUES(655,'4','ReadCommentTrack object',2,'[{"changed": {"fields": ["read_flag"]}}]',32,1,'2017-09-16 14:56:11.088000');
INSERT INTO "django_admin_log" VALUES(656,'1','ReadCommentTrack object',2,'[{"changed": {"fields": ["read_flag"]}}]',32,1,'2017-09-16 14:56:16.574000');
INSERT INTO "django_admin_log" VALUES(657,'4','ReadCommentTrack object',2,'[{"changed": {"fields": ["read_flag"]}}]',32,1,'2017-09-16 14:58:14.242000');
INSERT INTO "django_admin_log" VALUES(658,'1','ReadCommentTrack object',2,'[]',32,1,'2017-09-16 14:58:21.322000');
INSERT INTO "django_admin_log" VALUES(659,'4','ReadCommentTrack object',2,'[{"changed": {"fields": ["read_flag"]}}]',32,1,'2017-09-17 05:48:13.593000');
INSERT INTO "django_admin_log" VALUES(660,'1','ReadCommentTrack object',2,'[{"changed": {"fields": ["read_flag"]}}]',32,1,'2017-09-17 05:48:24.832000');
INSERT INTO "django_admin_log" VALUES(661,'4','ReadCommentTrack object',2,'[{"changed": {"fields": ["read_flag"]}}]',32,1,'2017-09-17 06:06:45.596000');
INSERT INTO "django_admin_log" VALUES(662,'1','ReadCommentTrack object',2,'[{"changed": {"fields": ["read_flag"]}}]',32,1,'2017-09-17 06:06:52.269000');
INSERT INTO "django_admin_log" VALUES(663,'4','ReadCommentTrack object',2,'[{"changed": {"fields": ["read_flag"]}}]',32,1,'2017-09-17 06:11:35.080000');
INSERT INTO "django_admin_log" VALUES(664,'1','ReadCommentTrack object',2,'[{"changed": {"fields": ["read_flag"]}}]',32,1,'2017-09-17 06:16:47.001000');
INSERT INTO "django_admin_log" VALUES(665,'4','ReadCommentTrack object',2,'[{"changed": {"fields": ["read_flag"]}}]',32,1,'2017-09-17 06:16:52.893000');
INSERT INTO "django_admin_log" VALUES(666,'4','ReadCommentTrack object',2,'[{"changed": {"fields": ["read_flag"]}}]',32,1,'2017-09-17 06:26:40.976000');
INSERT INTO "django_admin_log" VALUES(667,'4','ReadCommentTrack object',2,'[{"changed": {"fields": ["read_flag"]}}]',32,1,'2017-09-17 06:39:56.434000');
INSERT INTO "django_admin_log" VALUES(668,'1','ReadCommentTrack object',2,'[{"changed": {"fields": ["read_flag"]}}]',32,1,'2017-09-17 06:40:01.482000');
INSERT INTO "django_admin_log" VALUES(669,'4','ReadCommentTrack object',2,'[{"changed": {"fields": ["read_flag"]}}]',32,1,'2017-09-17 06:41:43.964000');
INSERT INTO "django_admin_log" VALUES(670,'1','ReadCommentTrack object',2,'[{"changed": {"fields": ["read_flag"]}}]',32,1,'2017-09-17 06:41:49.168000');
INSERT INTO "django_admin_log" VALUES(671,'4','ReadCommentTrack object',2,'[{"changed": {"fields": ["read_flag"]}}]',32,1,'2017-09-20 13:10:48.719000');
INSERT INTO "django_admin_log" VALUES(672,'1','ReadCommentTrack object',2,'[{"changed": {"fields": ["read_flag"]}}]',32,1,'2017-09-20 13:10:54.050000');
INSERT INTO "django_admin_log" VALUES(673,'1','Not Shipped',2,'[{"changed": {"fields": ["name"]}}]',21,1,'2017-09-22 07:32:43.693000');
INSERT INTO "django_admin_log" VALUES(674,'4','Not  Delivered',2,'[{"changed": {"fields": ["name"]}}]',21,1,'2017-09-22 07:32:51.956000');
INSERT INTO "django_admin_log" VALUES(675,'4','Not Delivered',2,'[{"changed": {"fields": ["name"]}}]',21,1,'2017-09-22 07:37:10.320000');
INSERT INTO "django_admin_log" VALUES(676,'3','Working',2,'[{"changed": {"fields": ["name"]}}]',21,1,'2017-09-25 08:32:23.638000');
INSERT INTO "django_admin_log" VALUES(677,'6','Not Working',1,'[{"added": {}}]',21,1,'2017-09-25 08:32:46.964000');
INSERT INTO "django_admin_log" VALUES(678,'3','Working',2,'[{"changed": {"fields": ["status_id"]}}]',21,1,'2017-09-25 08:38:56.408000');
INSERT INTO "django_admin_log" VALUES(679,'6','Not Working',2,'[{"changed": {"fields": ["status_id"]}}]',21,1,'2017-09-25 08:39:02.263000');
INSERT INTO "django_admin_log" VALUES(680,'7','Delivered',1,'[{"added": {}}]',21,1,'2017-09-25 08:39:20.731000');
INSERT INTO "django_admin_log" VALUES(681,'148','Material object',3,'',20,1,'2017-09-29 06:52:39.361000');
INSERT INTO "django_admin_log" VALUES(682,'147','Material object',3,'',20,1,'2017-09-29 06:52:39.374000');
CREATE UNIQUE INDEX "auth_group_permissions_group_id_0cd325b0_uniq" ON "auth_group_permissions" ("group_id", "permission_id");
CREATE INDEX IF NOT EXISTS "auth_group_permissions_0e939a4f" ON "auth_group_permissions" ("group_id");
CREATE INDEX IF NOT EXISTS "auth_group_permissions_8373b171" ON "auth_group_permissions" ("permission_id");
CREATE UNIQUE INDEX "auth_user_groups_user_id_94350c0c_uniq" ON "auth_user_groups" ("user_id", "group_id");
CREATE INDEX IF NOT EXISTS "auth_user_groups_e8701ad4" ON "auth_user_groups" ("user_id");
CREATE INDEX IF NOT EXISTS "auth_user_groups_0e939a4f" ON "auth_user_groups" ("group_id");
CREATE UNIQUE INDEX "auth_user_user_permissions_user_id_14a6b632_uniq" ON "auth_user_user_permissions" ("user_id", "permission_id");
CREATE INDEX IF NOT EXISTS "auth_user_user_permissions_e8701ad4" ON "auth_user_user_permissions" ("user_id");
CREATE INDEX IF NOT EXISTS "auth_user_user_permissions_8373b171" ON "auth_user_user_permissions" ("permission_id");
CREATE INDEX IF NOT EXISTS "django_admin_log_417f1b1c" ON "django_admin_log" ("content_type_id");
CREATE INDEX IF NOT EXISTS "django_admin_log_e8701ad4" ON "django_admin_log" ("user_id");
CREATE UNIQUE INDEX "django_content_type_app_label_76bd3d3b_uniq" ON "django_content_type" ("app_label", "model");
CREATE UNIQUE INDEX "auth_permission_content_type_id_01ab375a_uniq" ON "auth_permission" ("content_type_id", "codename");
CREATE INDEX IF NOT EXISTS "auth_permission_417f1b1c" ON "auth_permission" ("content_type_id");
CREATE INDEX IF NOT EXISTS "django_session_de54fa62" ON "django_session" ("expire_date");
CREATE INDEX IF NOT EXISTS "cpm_stagesetting_6fa54945" ON "cpm_stagesetting" ("project_name_id");
CREATE INDEX IF NOT EXISTS "cpm_team_33fd710b" ON "cpm_team" ("member_role_id");
CREATE INDEX IF NOT EXISTS "cpm_team_6fa54945" ON "cpm_team" ("project_name_id");
CREATE INDEX IF NOT EXISTS "cpm_schedule_02c1725c" ON "cpm_schedule" ("assigned_to_id");
CREATE INDEX IF NOT EXISTS "cpm_schedule_6fa54945" ON "cpm_schedule" ("project_name_id");
CREATE INDEX IF NOT EXISTS "cpm_prototype_6fa54945" ON "cpm_prototype" ("project_name_id");
CREATE INDEX IF NOT EXISTS "cpm_schedulecomment_9bc70bb9" ON "cpm_schedulecomment" ("schedule_id");
CREATE INDEX IF NOT EXISTS "cpm_plan_6fa54945" ON "cpm_plan" ("project_name_id");
CREATE INDEX IF NOT EXISTS "cpm_materialcomment_eb4b9aaa" ON "cpm_materialcomment" ("material_id");
CREATE INDEX IF NOT EXISTS "cpm_trackinginfo_courier_id_id_250bdd28" ON "cpm_trackinginfo" ("courier_id_id");
CREATE INDEX IF NOT EXISTS "cpm_trackinginfo_material_id_789fe3e8" ON "cpm_trackinginfo" ("material_id");
CREATE INDEX IF NOT EXISTS "cpm_material_project_name_id_7a455a0b" ON "cpm_material" ("project_name_id");
CREATE INDEX IF NOT EXISTS "cpm_material_order_status_id_9626aa8a" ON "cpm_material" ("order_status_id");
CREATE INDEX IF NOT EXISTS "cpm_material_order_priority_id_7d2a64e8" ON "cpm_material" ("order_priority_id");
CREATE TABLE "django_content_type" ("id" integer NOT NULL PRIMARY KEY AUTOINCREMENT, "app_label" varchar(100) NOT NULL, "model" varchar(100) NOT NULL);
INSERT INTO "django_content_type" VALUES(1,'admin','logentry');
INSERT INTO "django_content_type" VALUES(2,'auth','permission');
INSERT INTO "django_content_type" VALUES(3,'auth','group');
INSERT INTO "django_content_type" VALUES(4,'auth','user');
INSERT INTO "django_content_type" VALUES(5,'contenttypes','contenttype');
INSERT INTO "django_content_type" VALUES(6,'sessions','session');
INSERT INTO "django_content_type" VALUES(7,'cpm','signup');
INSERT INTO "django_content_type" VALUES(8,'sites','site');
INSERT INTO "django_content_type" VALUES(9,'registration','registrationprofile');
INSERT INTO "django_content_type" VALUES(11,'cpm','project');
INSERT INTO "django_content_type" VALUES(12,'cpm','stage');
INSERT INTO "django_content_type" VALUES(13,'cpm','stagesetting');
INSERT INTO "django_content_type" VALUES(15,'cpm','role');
INSERT INTO "django_content_type" VALUES(17,'cpm','team');
INSERT INTO "django_content_type" VALUES(18,'cpm','plan');
INSERT INTO "django_content_type" VALUES(19,'cpm','schedule');
INSERT INTO "django_content_type" VALUES(20,'cpm','material');
INSERT INTO "django_content_type" VALUES(21,'cpm','orderstatus');
INSERT INTO "django_content_type" VALUES(22,'cpm','prototype');
INSERT INTO "django_content_type" VALUES(23,'cpm','materialcomment');
INSERT INTO "django_content_type" VALUES(24,'cpm','schedulecomment');
INSERT INTO "django_content_type" VALUES(25,'cpm','courier');
INSERT INTO "django_content_type" VALUES(26,'cpm','trackinginfo');
INSERT INTO "django_content_type" VALUES(27,'cpm','orderlisting');
INSERT INTO "django_content_type" VALUES(28,'cpm','categorylist');
INSERT INTO "django_content_type" VALUES(29,'cpm','subcategorylist');
INSERT INTO "django_content_type" VALUES(30,'cpm','vendorlist');
INSERT INTO "django_content_type" VALUES(31,'cpm','orderpriority');
INSERT INTO "django_content_type" VALUES(32,'cpm','readcommenttrack');
CREATE UNIQUE INDEX "auth_group_permissions_group_id_0cd325b0_uniq" ON "auth_group_permissions" ("group_id", "permission_id");
CREATE INDEX IF NOT EXISTS "auth_group_permissions_0e939a4f" ON "auth_group_permissions" ("group_id");
CREATE INDEX IF NOT EXISTS "auth_group_permissions_8373b171" ON "auth_group_permissions" ("permission_id");
CREATE UNIQUE INDEX "auth_user_groups_user_id_94350c0c_uniq" ON "auth_user_groups" ("user_id", "group_id");
CREATE INDEX IF NOT EXISTS "auth_user_groups_e8701ad4" ON "auth_user_groups" ("user_id");
CREATE INDEX IF NOT EXISTS "auth_user_groups_0e939a4f" ON "auth_user_groups" ("group_id");
CREATE UNIQUE INDEX "auth_user_user_permissions_user_id_14a6b632_uniq" ON "auth_user_user_permissions" ("user_id", "permission_id");
CREATE INDEX IF NOT EXISTS "auth_user_user_permissions_e8701ad4" ON "auth_user_user_permissions" ("user_id");
CREATE INDEX IF NOT EXISTS "auth_user_user_permissions_8373b171" ON "auth_user_user_permissions" ("permission_id");
CREATE INDEX IF NOT EXISTS "django_admin_log_417f1b1c" ON "django_admin_log" ("content_type_id");
CREATE INDEX IF NOT EXISTS "django_admin_log_e8701ad4" ON "django_admin_log" ("user_id");
CREATE UNIQUE INDEX "django_content_type_app_label_76bd3d3b_uniq" ON "django_content_type" ("app_label", "model");
CREATE UNIQUE INDEX "auth_permission_content_type_id_01ab375a_uniq" ON "auth_permission" ("content_type_id", "codename");
CREATE INDEX IF NOT EXISTS "auth_permission_417f1b1c" ON "auth_permission" ("content_type_id");
CREATE INDEX IF NOT EXISTS "django_session_de54fa62" ON "django_session" ("expire_date");
CREATE INDEX IF NOT EXISTS "cpm_stagesetting_6fa54945" ON "cpm_stagesetting" ("project_name_id");
CREATE INDEX IF NOT EXISTS "cpm_team_33fd710b" ON "cpm_team" ("member_role_id");
CREATE INDEX IF NOT EXISTS "cpm_team_6fa54945" ON "cpm_team" ("project_name_id");
CREATE INDEX IF NOT EXISTS "cpm_schedule_02c1725c" ON "cpm_schedule" ("assigned_to_id");
CREATE INDEX IF NOT EXISTS "cpm_schedule_6fa54945" ON "cpm_schedule" ("project_name_id");
CREATE INDEX IF NOT EXISTS "cpm_prototype_6fa54945" ON "cpm_prototype" ("project_name_id");
CREATE INDEX IF NOT EXISTS "cpm_schedulecomment_9bc70bb9" ON "cpm_schedulecomment" ("schedule_id");
CREATE INDEX IF NOT EXISTS "cpm_plan_6fa54945" ON "cpm_plan" ("project_name_id");
CREATE INDEX IF NOT EXISTS "cpm_materialcomment_eb4b9aaa" ON "cpm_materialcomment" ("material_id");
CREATE INDEX IF NOT EXISTS "cpm_trackinginfo_courier_id_id_250bdd28" ON "cpm_trackinginfo" ("courier_id_id");
CREATE INDEX IF NOT EXISTS "cpm_trackinginfo_material_id_789fe3e8" ON "cpm_trackinginfo" ("material_id");
CREATE INDEX IF NOT EXISTS "cpm_material_project_name_id_7a455a0b" ON "cpm_material" ("project_name_id");
CREATE INDEX IF NOT EXISTS "cpm_material_order_status_id_9626aa8a" ON "cpm_material" ("order_status_id");
CREATE INDEX IF NOT EXISTS "cpm_material_order_priority_id_7d2a64e8" ON "cpm_material" ("order_priority_id");
CREATE TABLE "django_migrations" ("id" integer NOT NULL PRIMARY KEY AUTOINCREMENT, "app" varchar(255) NOT NULL, "name" varchar(255) NOT NULL, "applied" datetime NOT NULL);
INSERT INTO "django_migrations" VALUES(1,'contenttypes','0001_initial','2016-02-26 14:23:16.031000');
INSERT INTO "django_migrations" VALUES(2,'auth','0001_initial','2016-02-26 14:23:16.214000');
INSERT INTO "django_migrations" VALUES(3,'admin','0001_initial','2016-02-26 14:23:16.306000');
INSERT INTO "django_migrations" VALUES(4,'admin','0002_logentry_remove_auto_add','2016-02-26 14:23:16.402000');
INSERT INTO "django_migrations" VALUES(5,'contenttypes','0002_remove_content_type_name','2016-02-26 14:23:16.595000');
INSERT INTO "django_migrations" VALUES(6,'auth','0002_alter_permission_name_max_length','2016-02-26 14:23:16.735000');
INSERT INTO "django_migrations" VALUES(7,'auth','0003_alter_user_email_max_length','2016-02-26 14:23:16.840000');
INSERT INTO "django_migrations" VALUES(8,'auth','0004_alter_user_username_opts','2016-02-26 14:23:16.956000');
INSERT INTO "django_migrations" VALUES(9,'auth','0005_alter_user_last_login_null','2016-02-26 14:23:17.065000');
INSERT INTO "django_migrations" VALUES(10,'auth','0006_require_contenttypes_0002','2016-02-26 14:23:17.093000');
INSERT INTO "django_migrations" VALUES(11,'auth','0007_alter_validators_add_error_messages','2016-02-26 14:23:17.198000');
INSERT INTO "django_migrations" VALUES(12,'sessions','0001_initial','2016-02-26 14:23:17.251000');
INSERT INTO "django_migrations" VALUES(13,'cpm','0001_initial','2016-02-26 19:33:52.786000');
INSERT INTO "django_migrations" VALUES(14,'registration','0001_initial','2016-02-28 20:44:05.643000');
INSERT INTO "django_migrations" VALUES(15,'registration','0002_registrationprofile_activated','2016-02-28 20:44:05.716000');
INSERT INTO "django_migrations" VALUES(16,'registration','0003_migrate_activatedstatus','2016-02-28 20:44:05.740000');
INSERT INTO "django_migrations" VALUES(17,'sites','0001_initial','2016-02-28 20:44:05.783000');
INSERT INTO "django_migrations" VALUES(18,'sites','0002_alter_domain_unique','2016-02-28 20:44:05.827000');
INSERT INTO "django_migrations" VALUES(19,'cpm','0002_createnewproject','2016-03-01 19:27:08.966000');
INSERT INTO "django_migrations" VALUES(20,'cpm','0003_auto_20160302_1557','2016-03-02 10:28:10.985000');
INSERT INTO "django_migrations" VALUES(21,'cpm','0004_project','2016-03-05 13:32:47.127000');
INSERT INTO "django_migrations" VALUES(22,'cpm','0005_delete_createnewproject','2016-03-05 14:55:01.977000');
INSERT INTO "django_migrations" VALUES(23,'cpm','0002_project','2016-03-05 15:22:55.917000');
INSERT INTO "django_migrations" VALUES(24,'cpm','0003_auto_20160305_2101','2016-03-05 15:31:21.282000');
INSERT INTO "django_migrations" VALUES(25,'cpm','0004_auto_20160305_2105','2016-03-05 15:35:43.639000');
INSERT INTO "django_migrations" VALUES(26,'cpm','0005_auto_20160306_2327','2016-03-06 17:57:20.980000');
INSERT INTO "django_migrations" VALUES(27,'cpm','0006_auto_20160307_0328','2016-03-06 21:58:27.493000');
INSERT INTO "django_migrations" VALUES(28,'cpm','0007_auto_20160307_1407','2016-03-07 08:37:24.906000');
INSERT INTO "django_migrations" VALUES(29,'cpm','0008_auto_20160307_1758','2016-03-07 12:28:56.341000');
INSERT INTO "django_migrations" VALUES(30,'cpm','0009_auto_20160307_2104','2016-03-07 15:35:00.383000');
INSERT INTO "django_migrations" VALUES(31,'cpm','0010_role','2016-03-07 15:38:25.271000');
INSERT INTO "django_migrations" VALUES(32,'cpm','0011_auto_20160307_2117','2016-03-07 15:48:00.746000');
INSERT INTO "django_migrations" VALUES(33,'cpm','0012_auto_20160307_2124','2016-03-07 16:54:07.029000');
INSERT INTO "django_migrations" VALUES(34,'cpm','0013_auto_20160307_2125','2016-03-07 16:54:07.048000');
INSERT INTO "django_migrations" VALUES(35,'cpm','0014_delete_team','2016-03-07 16:55:22.143000');
INSERT INTO "django_migrations" VALUES(36,'cpm','0015_team','2016-03-07 16:55:53.909000');
INSERT INTO "django_migrations" VALUES(37,'cpm','0016_auto_20160308_0100','2016-03-07 19:30:47.146000');
INSERT INTO "django_migrations" VALUES(38,'cpm','0017_team','2016-03-07 19:32:43.084000');
INSERT INTO "django_migrations" VALUES(39,'cpm','0018_plan','2016-03-16 16:08:03.934000');
INSERT INTO "django_migrations" VALUES(40,'cpm','0019_auto_20160317_1325','2016-03-17 07:55:22.050000');
INSERT INTO "django_migrations" VALUES(41,'cpm','0020_schedule','2016-03-17 15:45:22.751000');
INSERT INTO "django_migrations" VALUES(42,'cpm','0021_auto_20160319_0149','2016-03-18 20:20:01.217000');
INSERT INTO "django_migrations" VALUES(43,'cpm','0022_auto_20160319_0151','2016-03-18 20:21:56.415000');
INSERT INTO "django_migrations" VALUES(44,'cpm','0023_auto_20160319_0152','2016-03-18 20:22:42.292000');
INSERT INTO "django_migrations" VALUES(45,'cpm','0024_material','2016-03-27 21:21:00.503000');
INSERT INTO "django_migrations" VALUES(46,'cpm','0025_material_order_status','2016-03-28 13:13:40.818000');
INSERT INTO "django_migrations" VALUES(47,'cpm','0026_auto_20160328_1919','2016-03-28 13:50:27.678000');
INSERT INTO "django_migrations" VALUES(48,'cpm','0027_orderstatus_status_id','2016-03-28 16:12:33.270000');
INSERT INTO "django_migrations" VALUES(49,'cpm','0028_prototype','2016-04-05 08:23:07.692000');
INSERT INTO "django_migrations" VALUES(50,'cpm','0029_auto_20160409_2301','2016-04-09 17:31:55.063000');
INSERT INTO "django_migrations" VALUES(51,'cpm','0030_auto_20160409_2339','2016-04-09 18:09:59.578000');
INSERT INTO "django_migrations" VALUES(52,'cpm','0031_auto_20160410_1645','2016-04-10 11:15:39.324000');
INSERT INTO "django_migrations" VALUES(53,'cpm','0032_auto_20160410_1716','2016-04-10 11:47:28.497000');
INSERT INTO "django_migrations" VALUES(54,'auth','0008_alter_user_username_max_length','2017-04-13 06:13:10.225000');
INSERT INTO "django_migrations" VALUES(55,'cpm','0033_material_order_vendor','2017-04-13 07:16:11.443000');
INSERT INTO "django_migrations" VALUES(56,'cpm','0034_material_order_currency','2017-04-18 04:26:35.864000');
INSERT INTO "django_migrations" VALUES(57,'cpm','0035_courier','2017-06-03 11:45:56.612000');
INSERT INTO "django_migrations" VALUES(58,'cpm','0036_trackinginfo','2017-06-03 11:47:11.564000');
INSERT INTO "django_migrations" VALUES(59,'cpm','0037_auto_20170605_2112','2017-06-05 15:42:08.990000');
INSERT INTO "django_migrations" VALUES(60,'cpm','0038_courier','2017-06-05 15:42:39.475000');
INSERT INTO "django_migrations" VALUES(61,'cpm','0039_trackinginfo','2017-06-05 15:42:54.570000');
INSERT INTO "django_migrations" VALUES(62,'cpm','0040_auto_20170713_0844','2017-07-13 03:19:22.895000');
INSERT INTO "django_migrations" VALUES(63,'cpm','0041_material_author','2017-07-14 06:32:17.772000');
INSERT INTO "django_migrations" VALUES(64,'cpm','0042_material_est_lead_time','2017-07-15 04:40:37.596000');
INSERT INTO "django_migrations" VALUES(65,'cpm','0043_orderlisting','2017-07-17 14:30:23.618000');
INSERT INTO "django_migrations" VALUES(66,'cpm','0044_auto_20170717_2126','2017-07-17 15:56:56.486000');
INSERT INTO "django_migrations" VALUES(67,'cpm','0045_auto_20170717_2145','2017-07-17 16:15:27.811000');
INSERT INTO "django_migrations" VALUES(68,'cpm','0046_auto_20170718_0924','2017-07-18 03:54:32.023000');
INSERT INTO "django_migrations" VALUES(69,'cpm','0047_auto_20170719_0832','2017-07-19 03:02:43.390000');
INSERT INTO "django_migrations" VALUES(70,'cpm','0048_vendorlist_website','2017-07-24 04:24:03.933000');
INSERT INTO "django_migrations" VALUES(71,'cpm','0049_orderpriority','2017-08-01 14:33:24.520000');
INSERT INTO "django_migrations" VALUES(72,'cpm','0050_material_order_priority','2017-08-01 15:04:31.324000');
INSERT INTO "django_migrations" VALUES(73,'cpm','0051_auto_20170802_0011','2017-08-01 18:41:27.033000');
INSERT INTO "django_migrations" VALUES(74,'cpm','0051_auto_20170802_0815','2017-08-02 02:45:28.376000');
INSERT INTO "django_migrations" VALUES(75,'cpm','0052_auto_20170802_0817','2017-08-02 02:47:39.841000');
INSERT INTO "django_migrations" VALUES(76,'cpm','0053_auto_20170802_0834','2017-08-02 03:04:07.506000');
INSERT INTO "django_migrations" VALUES(77,'cpm','0054_auto_20170802_0835','2017-08-02 03:05:57.025000');
INSERT INTO "django_migrations" VALUES(78,'cpm','0055_readcommenttrack','2017-09-01 13:50:32.793000');
INSERT INTO "django_migrations" VALUES(79,'cpm','0056_auto_20170902_1355','2017-09-02 08:25:58.271000');
INSERT INTO "django_migrations" VALUES(80,'cpm','0057_readcommenttrack_project_id','2017-09-02 08:42:12.907000');
INSERT INTO "django_migrations" VALUES(81,'cpm','0058_material_order_hsn','2017-09-20 06:02:41.238000');
CREATE UNIQUE INDEX "auth_group_permissions_group_id_0cd325b0_uniq" ON "auth_group_permissions" ("group_id", "permission_id");
CREATE INDEX IF NOT EXISTS "auth_group_permissions_0e939a4f" ON "auth_group_permissions" ("group_id");
CREATE INDEX IF NOT EXISTS "auth_group_permissions_8373b171" ON "auth_group_permissions" ("permission_id");
CREATE UNIQUE INDEX "auth_user_groups_user_id_94350c0c_uniq" ON "auth_user_groups" ("user_id", "group_id");
CREATE INDEX IF NOT EXISTS "auth_user_groups_e8701ad4" ON "auth_user_groups" ("user_id");
CREATE INDEX IF NOT EXISTS "auth_user_groups_0e939a4f" ON "auth_user_groups" ("group_id");
CREATE UNIQUE INDEX "auth_user_user_permissions_user_id_14a6b632_uniq" ON "auth_user_user_permissions" ("user_id", "permission_id");
CREATE INDEX IF NOT EXISTS "auth_user_user_permissions_e8701ad4" ON "auth_user_user_permissions" ("user_id");
CREATE INDEX IF NOT EXISTS "auth_user_user_permissions_8373b171" ON "auth_user_user_permissions" ("permission_id");
CREATE INDEX IF NOT EXISTS "django_admin_log_417f1b1c" ON "django_admin_log" ("content_type_id");
CREATE INDEX IF NOT EXISTS "django_admin_log_e8701ad4" ON "django_admin_log" ("user_id");
CREATE UNIQUE INDEX "django_content_type_app_label_76bd3d3b_uniq" ON "django_content_type" ("app_label", "model");
CREATE UNIQUE INDEX "auth_permission_content_type_id_01ab375a_uniq" ON "auth_permission" ("content_type_id", "codename");
CREATE INDEX IF NOT EXISTS "auth_permission_417f1b1c" ON "auth_permission" ("content_type_id");
CREATE INDEX IF NOT EXISTS "django_session_de54fa62" ON "django_session" ("expire_date");
CREATE INDEX IF NOT EXISTS "cpm_stagesetting_6fa54945" ON "cpm_stagesetting" ("project_name_id");
CREATE INDEX IF NOT EXISTS "cpm_team_33fd710b" ON "cpm_team" ("member_role_id");
CREATE INDEX IF NOT EXISTS "cpm_team_6fa54945" ON "cpm_team" ("project_name_id");
CREATE INDEX IF NOT EXISTS "cpm_schedule_02c1725c" ON "cpm_schedule" ("assigned_to_id");
CREATE INDEX IF NOT EXISTS "cpm_schedule_6fa54945" ON "cpm_schedule" ("project_name_id");
CREATE INDEX IF NOT EXISTS "cpm_prototype_6fa54945" ON "cpm_prototype" ("project_name_id");
CREATE INDEX IF NOT EXISTS "cpm_schedulecomment_9bc70bb9" ON "cpm_schedulecomment" ("schedule_id");
CREATE INDEX IF NOT EXISTS "cpm_plan_6fa54945" ON "cpm_plan" ("project_name_id");
CREATE INDEX IF NOT EXISTS "cpm_materialcomment_eb4b9aaa" ON "cpm_materialcomment" ("material_id");
CREATE INDEX IF NOT EXISTS "cpm_trackinginfo_courier_id_id_250bdd28" ON "cpm_trackinginfo" ("courier_id_id");
CREATE INDEX IF NOT EXISTS "cpm_trackinginfo_material_id_789fe3e8" ON "cpm_trackinginfo" ("material_id");
CREATE INDEX IF NOT EXISTS "cpm_material_project_name_id_7a455a0b" ON "cpm_material" ("project_name_id");
CREATE INDEX IF NOT EXISTS "cpm_material_order_status_id_9626aa8a" ON "cpm_material" ("order_status_id");
CREATE INDEX IF NOT EXISTS "cpm_material_order_priority_id_7d2a64e8" ON "cpm_material" ("order_priority_id");
CREATE TABLE "django_session" ("session_key" varchar(40) NOT NULL PRIMARY KEY, "session_data" text NOT NULL, "expire_date" datetime NOT NULL);
INSERT INTO "django_session" VALUES('8jtvthmayzfbdnvzcgs50insl0dzjwpj','NWIzODZkYTc0Mjg1MmUzNzQyODcwNWZlNjg4NDU2OTRjMGZiNzkwMTp7Il9hdXRoX3VzZXJfaGFzaCI6IjQxYjY0MzBjOTdmNjAyZDNiNTMxMmYxMGFmY2E3YTFkYjdiNzY0MDUiLCJfYXV0aF91c2VyX2lkIjoiMSIsIl9hdXRoX3VzZXJfYmFja2VuZCI6ImRqYW5nby5jb250cmliLmF1dGguYmFja2VuZHMuTW9kZWxCYWNrZW5kIn0=','2016-03-19 10:31:33.031000');
INSERT INTO "django_session" VALUES('y39e0r9bfxjl71pgfz72u1u9i03uotv3','ZmQzZmU5ZDcxZGE3OTQ2MjcxNGRmYjkwMTNhZTVmYjVjNDBjMGNhMjp7Il9hdXRoX3VzZXJfaGFzaCI6IjQxYjY0MzBjOTdmNjAyZDNiNTMxMmYxMGFmY2E3YTFkYjdiNzY0MDUiLCJfYXV0aF91c2VyX2JhY2tlbmQiOiJkamFuZ28uY29udHJpYi5hdXRoLmJhY2tlbmRzLk1vZGVsQmFja2VuZCIsIl9hdXRoX3VzZXJfaWQiOiIxIn0=','2016-04-08 18:20:58.731000');
INSERT INTO "django_session" VALUES('o9xyujjl1idi72oepgaa78t2wh4l2p0d','ZmQzZmU5ZDcxZGE3OTQ2MjcxNGRmYjkwMTNhZTVmYjVjNDBjMGNhMjp7Il9hdXRoX3VzZXJfaGFzaCI6IjQxYjY0MzBjOTdmNjAyZDNiNTMxMmYxMGFmY2E3YTFkYjdiNzY0MDUiLCJfYXV0aF91c2VyX2JhY2tlbmQiOiJkamFuZ28uY29udHJpYi5hdXRoLmJhY2tlbmRzLk1vZGVsQmFja2VuZCIsIl9hdXRoX3VzZXJfaWQiOiIxIn0=','2016-04-24 17:39:02.682000');
INSERT INTO "django_session" VALUES('2wmzay247vb4cwpkv4vk3f86im1b2dmt','YjQwYTc2M2ViYjEwZmJiYjA1M2NjYWQzMDA2M2ZkM2QwNTIzZWM4NDp7Il9hdXRoX3VzZXJfaGFzaCI6ImU2NTYwNmY3YjAyYmI5ZWQ4ZmNjY2JmZTQzYjA1YjcxZTVkMmM2NjIiLCJfYXV0aF91c2VyX2JhY2tlbmQiOiJkamFuZ28uY29udHJpYi5hdXRoLmJhY2tlbmRzLk1vZGVsQmFja2VuZCIsIl9hdXRoX3VzZXJfaWQiOiIxIn0=','2017-04-27 06:13:57.172000');
INSERT INTO "django_session" VALUES('aajzomloz7r0gmlf2dxh8vzttioep72c','YjQwYTc2M2ViYjEwZmJiYjA1M2NjYWQzMDA2M2ZkM2QwNTIzZWM4NDp7Il9hdXRoX3VzZXJfaGFzaCI6ImU2NTYwNmY3YjAyYmI5ZWQ4ZmNjY2JmZTQzYjA1YjcxZTVkMmM2NjIiLCJfYXV0aF91c2VyX2JhY2tlbmQiOiJkamFuZ28uY29udHJpYi5hdXRoLmJhY2tlbmRzLk1vZGVsQmFja2VuZCIsIl9hdXRoX3VzZXJfaWQiOiIxIn0=','2017-05-17 09:33:18.654000');
INSERT INTO "django_session" VALUES('l1qvtfllb67iothu7w9i6ryqehu1pc2q','YjQwYTc2M2ViYjEwZmJiYjA1M2NjYWQzMDA2M2ZkM2QwNTIzZWM4NDp7Il9hdXRoX3VzZXJfaGFzaCI6ImU2NTYwNmY3YjAyYmI5ZWQ4ZmNjY2JmZTQzYjA1YjcxZTVkMmM2NjIiLCJfYXV0aF91c2VyX2JhY2tlbmQiOiJkamFuZ28uY29udHJpYi5hdXRoLmJhY2tlbmRzLk1vZGVsQmFja2VuZCIsIl9hdXRoX3VzZXJfaWQiOiIxIn0=','2017-06-01 01:53:04.739000');
INSERT INTO "django_session" VALUES('ueocp3wvuepc7s6l22j9ta66w7c4z7kx','YjQwYTc2M2ViYjEwZmJiYjA1M2NjYWQzMDA2M2ZkM2QwNTIzZWM4NDp7Il9hdXRoX3VzZXJfaGFzaCI6ImU2NTYwNmY3YjAyYmI5ZWQ4ZmNjY2JmZTQzYjA1YjcxZTVkMmM2NjIiLCJfYXV0aF91c2VyX2JhY2tlbmQiOiJkamFuZ28uY29udHJpYi5hdXRoLmJhY2tlbmRzLk1vZGVsQmFja2VuZCIsIl9hdXRoX3VzZXJfaWQiOiIxIn0=','2017-06-16 15:50:55.378000');
INSERT INTO "django_session" VALUES('rc7s66kbfy3uqddzux6opnru7qlr5q45','YjQwYTc2M2ViYjEwZmJiYjA1M2NjYWQzMDA2M2ZkM2QwNTIzZWM4NDp7Il9hdXRoX3VzZXJfaGFzaCI6ImU2NTYwNmY3YjAyYmI5ZWQ4ZmNjY2JmZTQzYjA1YjcxZTVkMmM2NjIiLCJfYXV0aF91c2VyX2JhY2tlbmQiOiJkamFuZ28uY29udHJpYi5hdXRoLmJhY2tlbmRzLk1vZGVsQmFja2VuZCIsIl9hdXRoX3VzZXJfaWQiOiIxIn0=','2017-07-14 06:49:42.369000');
INSERT INTO "django_session" VALUES('dn705fukuw3p8v986cx1ppkpehj9j9pb','MmZiZWU5OGU2ZTljZWZmOTg2NDFlZGJlM2Q2NTYwZDE3YWQxMzQ5YTp7Il9hdXRoX3VzZXJfaGFzaCI6IjBmOGM0ZGQyYzkwZTkxNjkxMjFlZmUyYTM0YzFiZWU0OTBkZmVjZjciLCJfYXV0aF91c2VyX2lkIjoiMSIsIl9hdXRoX3VzZXJfYmFja2VuZCI6ImRqYW5nby5jb250cmliLmF1dGguYmFja2VuZHMuTW9kZWxCYWNrZW5kIn0=','2017-07-26 07:06:43.994000');
INSERT INTO "django_session" VALUES('salsxed5fm6oqctwkdu5fdat1z5wd55k','NTM0NjI3NDk2ZWI0MmQxYTg2NjJjMDllNjllYjBlYTE2YjE2NTM4ZTp7Il9hdXRoX3VzZXJfaGFzaCI6IjBmOGM0ZGQyYzkwZTkxNjkxMjFlZmUyYTM0YzFiZWU0OTBkZmVjZjciLCJfYXV0aF91c2VyX2JhY2tlbmQiOiJkamFuZ28uY29udHJpYi5hdXRoLmJhY2tlbmRzLk1vZGVsQmFja2VuZCIsIl9hdXRoX3VzZXJfaWQiOiIxIn0=','2017-07-26 07:06:52.793000');
INSERT INTO "django_session" VALUES('go97sq28wg0c92k3katqvab6l3m0o4a0','NTM0NjI3NDk2ZWI0MmQxYTg2NjJjMDllNjllYjBlYTE2YjE2NTM4ZTp7Il9hdXRoX3VzZXJfaGFzaCI6IjBmOGM0ZGQyYzkwZTkxNjkxMjFlZmUyYTM0YzFiZWU0OTBkZmVjZjciLCJfYXV0aF91c2VyX2JhY2tlbmQiOiJkamFuZ28uY29udHJpYi5hdXRoLmJhY2tlbmRzLk1vZGVsQmFja2VuZCIsIl9hdXRoX3VzZXJfaWQiOiIxIn0=','2017-07-26 10:54:03.275000');
INSERT INTO "django_session" VALUES('ekvqaez2r6utdyg0v5bphlmj7leqsezh','NTM0NjI3NDk2ZWI0MmQxYTg2NjJjMDllNjllYjBlYTE2YjE2NTM4ZTp7Il9hdXRoX3VzZXJfaGFzaCI6IjBmOGM0ZGQyYzkwZTkxNjkxMjFlZmUyYTM0YzFiZWU0OTBkZmVjZjciLCJfYXV0aF91c2VyX2JhY2tlbmQiOiJkamFuZ28uY29udHJpYi5hdXRoLmJhY2tlbmRzLk1vZGVsQmFja2VuZCIsIl9hdXRoX3VzZXJfaWQiOiIxIn0=','2017-07-26 13:28:43.700000');
INSERT INTO "django_session" VALUES('30fjdx4ixttujyl98nx7j4dn3xuu4nkc','NTM0NjI3NDk2ZWI0MmQxYTg2NjJjMDllNjllYjBlYTE2YjE2NTM4ZTp7Il9hdXRoX3VzZXJfaGFzaCI6IjBmOGM0ZGQyYzkwZTkxNjkxMjFlZmUyYTM0YzFiZWU0OTBkZmVjZjciLCJfYXV0aF91c2VyX2JhY2tlbmQiOiJkamFuZ28uY29udHJpYi5hdXRoLmJhY2tlbmRzLk1vZGVsQmFja2VuZCIsIl9hdXRoX3VzZXJfaWQiOiIxIn0=','2017-07-27 08:42:14.819000');
INSERT INTO "django_session" VALUES('erdw6ew3ewr8wb1dsu1eraudupc5h4wx','NTM0NjI3NDk2ZWI0MmQxYTg2NjJjMDllNjllYjBlYTE2YjE2NTM4ZTp7Il9hdXRoX3VzZXJfaGFzaCI6IjBmOGM0ZGQyYzkwZTkxNjkxMjFlZmUyYTM0YzFiZWU0OTBkZmVjZjciLCJfYXV0aF91c2VyX2JhY2tlbmQiOiJkamFuZ28uY29udHJpYi5hdXRoLmJhY2tlbmRzLk1vZGVsQmFja2VuZCIsIl9hdXRoX3VzZXJfaWQiOiIxIn0=','2017-07-28 05:35:56.878000');
INSERT INTO "django_session" VALUES('pka86wcyy79upy3101bugq1myk8as9av','NTM0NjI3NDk2ZWI0MmQxYTg2NjJjMDllNjllYjBlYTE2YjE2NTM4ZTp7Il9hdXRoX3VzZXJfaGFzaCI6IjBmOGM0ZGQyYzkwZTkxNjkxMjFlZmUyYTM0YzFiZWU0OTBkZmVjZjciLCJfYXV0aF91c2VyX2JhY2tlbmQiOiJkamFuZ28uY29udHJpYi5hdXRoLmJhY2tlbmRzLk1vZGVsQmFja2VuZCIsIl9hdXRoX3VzZXJfaWQiOiIxIn0=','2017-07-31 04:40:06.970000');
INSERT INTO "django_session" VALUES('zjxgeo5zl495apy8d2313j17y64zfsel','NTM0NjI3NDk2ZWI0MmQxYTg2NjJjMDllNjllYjBlYTE2YjE2NTM4ZTp7Il9hdXRoX3VzZXJfaGFzaCI6IjBmOGM0ZGQyYzkwZTkxNjkxMjFlZmUyYTM0YzFiZWU0OTBkZmVjZjciLCJfYXV0aF91c2VyX2JhY2tlbmQiOiJkamFuZ28uY29udHJpYi5hdXRoLmJhY2tlbmRzLk1vZGVsQmFja2VuZCIsIl9hdXRoX3VzZXJfaWQiOiIxIn0=','2017-07-31 07:34:29.954000');
INSERT INTO "django_session" VALUES('ftd33kg4tsmf85bnnsbitprs35uevuoh','NTM0NjI3NDk2ZWI0MmQxYTg2NjJjMDllNjllYjBlYTE2YjE2NTM4ZTp7Il9hdXRoX3VzZXJfaGFzaCI6IjBmOGM0ZGQyYzkwZTkxNjkxMjFlZmUyYTM0YzFiZWU0OTBkZmVjZjciLCJfYXV0aF91c2VyX2JhY2tlbmQiOiJkamFuZ28uY29udHJpYi5hdXRoLmJhY2tlbmRzLk1vZGVsQmFja2VuZCIsIl9hdXRoX3VzZXJfaWQiOiIxIn0=','2017-07-31 08:56:30.907000');
INSERT INTO "django_session" VALUES('ve4475wc45a8uznghtws9yvunx5bjh7r','NTM0NjI3NDk2ZWI0MmQxYTg2NjJjMDllNjllYjBlYTE2YjE2NTM4ZTp7Il9hdXRoX3VzZXJfaGFzaCI6IjBmOGM0ZGQyYzkwZTkxNjkxMjFlZmUyYTM0YzFiZWU0OTBkZmVjZjciLCJfYXV0aF91c2VyX2JhY2tlbmQiOiJkamFuZ28uY29udHJpYi5hdXRoLmJhY2tlbmRzLk1vZGVsQmFja2VuZCIsIl9hdXRoX3VzZXJfaWQiOiIxIn0=','2017-08-07 10:58:12.686000');
INSERT INTO "django_session" VALUES('rhtyf0o1x4g6tt69oxthk4twawiz49m9','NTM0NjI3NDk2ZWI0MmQxYTg2NjJjMDllNjllYjBlYTE2YjE2NTM4ZTp7Il9hdXRoX3VzZXJfaGFzaCI6IjBmOGM0ZGQyYzkwZTkxNjkxMjFlZmUyYTM0YzFiZWU0OTBkZmVjZjciLCJfYXV0aF91c2VyX2JhY2tlbmQiOiJkamFuZ28uY29udHJpYi5hdXRoLmJhY2tlbmRzLk1vZGVsQmFja2VuZCIsIl9hdXRoX3VzZXJfaWQiOiIxIn0=','2017-08-09 17:44:48.870000');
INSERT INTO "django_session" VALUES('chlgn58yarm0lepqbuozax61i4698qde','NTM0NjI3NDk2ZWI0MmQxYTg2NjJjMDllNjllYjBlYTE2YjE2NTM4ZTp7Il9hdXRoX3VzZXJfaGFzaCI6IjBmOGM0ZGQyYzkwZTkxNjkxMjFlZmUyYTM0YzFiZWU0OTBkZmVjZjciLCJfYXV0aF91c2VyX2JhY2tlbmQiOiJkamFuZ28uY29udHJpYi5hdXRoLmJhY2tlbmRzLk1vZGVsQmFja2VuZCIsIl9hdXRoX3VzZXJfaWQiOiIxIn0=','2017-08-10 02:25:11.260000');
INSERT INTO "django_session" VALUES('kn0jwmpk75z8d1w9vhepkh5cmhc3crlq','NTM0NjI3NDk2ZWI0MmQxYTg2NjJjMDllNjllYjBlYTE2YjE2NTM4ZTp7Il9hdXRoX3VzZXJfaGFzaCI6IjBmOGM0ZGQyYzkwZTkxNjkxMjFlZmUyYTM0YzFiZWU0OTBkZmVjZjciLCJfYXV0aF91c2VyX2JhY2tlbmQiOiJkamFuZ28uY29udHJpYi5hdXRoLmJhY2tlbmRzLk1vZGVsQmFja2VuZCIsIl9hdXRoX3VzZXJfaWQiOiIxIn0=','2017-08-11 09:14:02.984000');
INSERT INTO "django_session" VALUES('nzimrolsi5rtiml8tg3op0cr6hy82hmw','NTM0NjI3NDk2ZWI0MmQxYTg2NjJjMDllNjllYjBlYTE2YjE2NTM4ZTp7Il9hdXRoX3VzZXJfaGFzaCI6IjBmOGM0ZGQyYzkwZTkxNjkxMjFlZmUyYTM0YzFiZWU0OTBkZmVjZjciLCJfYXV0aF91c2VyX2JhY2tlbmQiOiJkamFuZ28uY29udHJpYi5hdXRoLmJhY2tlbmRzLk1vZGVsQmFja2VuZCIsIl9hdXRoX3VzZXJfaWQiOiIxIn0=','2017-08-30 06:26:48.857000');
INSERT INTO "django_session" VALUES('v61i2h6bfu71gia4a9jhunnxiwexojj9','NTM0NjI3NDk2ZWI0MmQxYTg2NjJjMDllNjllYjBlYTE2YjE2NTM4ZTp7Il9hdXRoX3VzZXJfaGFzaCI6IjBmOGM0ZGQyYzkwZTkxNjkxMjFlZmUyYTM0YzFiZWU0OTBkZmVjZjciLCJfYXV0aF91c2VyX2JhY2tlbmQiOiJkamFuZ28uY29udHJpYi5hdXRoLmJhY2tlbmRzLk1vZGVsQmFja2VuZCIsIl9hdXRoX3VzZXJfaWQiOiIxIn0=','2017-09-03 19:43:14.572000');
INSERT INTO "django_session" VALUES('casiku926teokrpovg8qv5903c4cqsbh','NTM0NjI3NDk2ZWI0MmQxYTg2NjJjMDllNjllYjBlYTE2YjE2NTM4ZTp7Il9hdXRoX3VzZXJfaGFzaCI6IjBmOGM0ZGQyYzkwZTkxNjkxMjFlZmUyYTM0YzFiZWU0OTBkZmVjZjciLCJfYXV0aF91c2VyX2JhY2tlbmQiOiJkamFuZ28uY29udHJpYi5hdXRoLmJhY2tlbmRzLk1vZGVsQmFja2VuZCIsIl9hdXRoX3VzZXJfaWQiOiIxIn0=','2017-09-04 12:33:48.719000');
INSERT INTO "django_session" VALUES('69y35d0caxtmg76zbxo3uccqq5cedzpi','NTM0NjI3NDk2ZWI0MmQxYTg2NjJjMDllNjllYjBlYTE2YjE2NTM4ZTp7Il9hdXRoX3VzZXJfaGFzaCI6IjBmOGM0ZGQyYzkwZTkxNjkxMjFlZmUyYTM0YzFiZWU0OTBkZmVjZjciLCJfYXV0aF91c2VyX2JhY2tlbmQiOiJkamFuZ28uY29udHJpYi5hdXRoLmJhY2tlbmRzLk1vZGVsQmFja2VuZCIsIl9hdXRoX3VzZXJfaWQiOiIxIn0=','2017-09-08 06:48:29.868000');
INSERT INTO "django_session" VALUES('3xcp443e7x3tc45vwylvtlj3r61crmfd','NTM0NjI3NDk2ZWI0MmQxYTg2NjJjMDllNjllYjBlYTE2YjE2NTM4ZTp7Il9hdXRoX3VzZXJfaGFzaCI6IjBmOGM0ZGQyYzkwZTkxNjkxMjFlZmUyYTM0YzFiZWU0OTBkZmVjZjciLCJfYXV0aF91c2VyX2JhY2tlbmQiOiJkamFuZ28uY29udHJpYi5hdXRoLmJhY2tlbmRzLk1vZGVsQmFja2VuZCIsIl9hdXRoX3VzZXJfaWQiOiIxIn0=','2017-09-09 12:40:04.906000');
INSERT INTO "django_session" VALUES('hdtmmixr3runxbn8ahqn671rfo2a9pxf','NTM0NjI3NDk2ZWI0MmQxYTg2NjJjMDllNjllYjBlYTE2YjE2NTM4ZTp7Il9hdXRoX3VzZXJfaGFzaCI6IjBmOGM0ZGQyYzkwZTkxNjkxMjFlZmUyYTM0YzFiZWU0OTBkZmVjZjciLCJfYXV0aF91c2VyX2JhY2tlbmQiOiJkamFuZ28uY29udHJpYi5hdXRoLmJhY2tlbmRzLk1vZGVsQmFja2VuZCIsIl9hdXRoX3VzZXJfaWQiOiIxIn0=','2017-09-11 03:31:05.138000');
INSERT INTO "django_session" VALUES('9bn2lxqjatk91d8qtimcgckiiin299mu','NTM0NjI3NDk2ZWI0MmQxYTg2NjJjMDllNjllYjBlYTE2YjE2NTM4ZTp7Il9hdXRoX3VzZXJfaGFzaCI6IjBmOGM0ZGQyYzkwZTkxNjkxMjFlZmUyYTM0YzFiZWU0OTBkZmVjZjciLCJfYXV0aF91c2VyX2JhY2tlbmQiOiJkamFuZ28uY29udHJpYi5hdXRoLmJhY2tlbmRzLk1vZGVsQmFja2VuZCIsIl9hdXRoX3VzZXJfaWQiOiIxIn0=','2017-09-25 08:54:40.281000');
INSERT INTO "django_session" VALUES('5tl9tlf2ien71pb2858pteb8vohpgyo1','NTM0NjI3NDk2ZWI0MmQxYTg2NjJjMDllNjllYjBlYTE2YjE2NTM4ZTp7Il9hdXRoX3VzZXJfaGFzaCI6IjBmOGM0ZGQyYzkwZTkxNjkxMjFlZmUyYTM0YzFiZWU0OTBkZmVjZjciLCJfYXV0aF91c2VyX2JhY2tlbmQiOiJkamFuZ28uY29udHJpYi5hdXRoLmJhY2tlbmRzLk1vZGVsQmFja2VuZCIsIl9hdXRoX3VzZXJfaWQiOiIxIn0=','2017-10-01 13:30:01.692000');
INSERT INTO "django_session" VALUES('y7gk8ap6gsipuj1kxgirq1t1bnfao2z5','NTM0NjI3NDk2ZWI0MmQxYTg2NjJjMDllNjllYjBlYTE2YjE2NTM4ZTp7Il9hdXRoX3VzZXJfaGFzaCI6IjBmOGM0ZGQyYzkwZTkxNjkxMjFlZmUyYTM0YzFiZWU0OTBkZmVjZjciLCJfYXV0aF91c2VyX2JhY2tlbmQiOiJkamFuZ28uY29udHJpYi5hdXRoLmJhY2tlbmRzLk1vZGVsQmFja2VuZCIsIl9hdXRoX3VzZXJfaWQiOiIxIn0=','2017-10-01 14:03:11.635000');
INSERT INTO "django_session" VALUES('87utonv2ujr8udss9831couz6k5cakeq','NTM0NjI3NDk2ZWI0MmQxYTg2NjJjMDllNjllYjBlYTE2YjE2NTM4ZTp7Il9hdXRoX3VzZXJfaGFzaCI6IjBmOGM0ZGQyYzkwZTkxNjkxMjFlZmUyYTM0YzFiZWU0OTBkZmVjZjciLCJfYXV0aF91c2VyX2JhY2tlbmQiOiJkamFuZ28uY29udHJpYi5hdXRoLmJhY2tlbmRzLk1vZGVsQmFja2VuZCIsIl9hdXRoX3VzZXJfaWQiOiIxIn0=','2017-10-02 02:13:02.305000');
INSERT INTO "django_session" VALUES('g63dqzksezoqxiz8wy89xh7s9xd8y0oo','NTM0NjI3NDk2ZWI0MmQxYTg2NjJjMDllNjllYjBlYTE2YjE2NTM4ZTp7Il9hdXRoX3VzZXJfaGFzaCI6IjBmOGM0ZGQyYzkwZTkxNjkxMjFlZmUyYTM0YzFiZWU0OTBkZmVjZjciLCJfYXV0aF91c2VyX2JhY2tlbmQiOiJkamFuZ28uY29udHJpYi5hdXRoLmJhY2tlbmRzLk1vZGVsQmFja2VuZCIsIl9hdXRoX3VzZXJfaWQiOiIxIn0=','2017-10-03 14:59:30.859000');
INSERT INTO "django_session" VALUES('b873lnm14s2vm7spl0ffqwdu1x1j8cyi','NTM0NjI3NDk2ZWI0MmQxYTg2NjJjMDllNjllYjBlYTE2YjE2NTM4ZTp7Il9hdXRoX3VzZXJfaGFzaCI6IjBmOGM0ZGQyYzkwZTkxNjkxMjFlZmUyYTM0YzFiZWU0OTBkZmVjZjciLCJfYXV0aF91c2VyX2JhY2tlbmQiOiJkamFuZ28uY29udHJpYi5hdXRoLmJhY2tlbmRzLk1vZGVsQmFja2VuZCIsIl9hdXRoX3VzZXJfaWQiOiIxIn0=','2017-10-06 07:32:27.727000');
INSERT INTO "django_session" VALUES('cjtpoy8fhjvnqm23ela636rfbgnpyy27','NTM0NjI3NDk2ZWI0MmQxYTg2NjJjMDllNjllYjBlYTE2YjE2NTM4ZTp7Il9hdXRoX3VzZXJfaGFzaCI6IjBmOGM0ZGQyYzkwZTkxNjkxMjFlZmUyYTM0YzFiZWU0OTBkZmVjZjciLCJfYXV0aF91c2VyX2JhY2tlbmQiOiJkamFuZ28uY29udHJpYi5hdXRoLmJhY2tlbmRzLk1vZGVsQmFja2VuZCIsIl9hdXRoX3VzZXJfaWQiOiIxIn0=','2017-10-09 06:41:20.919000');
INSERT INTO "django_session" VALUES('gy30cwi8z1djx8ey1prvcri1h98puuee','YWVhZGRkZDZmYmVmNGU3ODMzNzY3ZDJmMGM4ZDRjZjM2Y2UzMDNlOTp7Il9hdXRoX3VzZXJfaWQiOiIxIiwiX2F1dGhfdXNlcl9iYWNrZW5kIjoiZGphbmdvLmNvbnRyaWIuYXV0aC5iYWNrZW5kcy5Nb2RlbEJhY2tlbmQiLCJvcmRlcl9tZXNzYWdlIjoiRXhjZWwgT3JkZXIgVXBkYXRlZCBTdWNjZXNzZnVsbHkiLCJ0YXNrX21lc3NhZ2UiOiIiLCJfYXV0aF91c2VyX2hhc2giOiIwZjhjNGRkMmM5MGU5MTY5MTIxZWZlMmEzNGMxYmVlNDkwZGZlY2Y3Iiwic3RhdHVzX21lc3NhZ2UiOiJTdGF0dXMgdXBkYXRlZCBzdWNjZXNzZnVsbHkifQ==','2017-10-14 05:26:56.588000');
CREATE UNIQUE INDEX "auth_group_permissions_group_id_0cd325b0_uniq" ON "auth_group_permissions" ("group_id", "permission_id");
CREATE INDEX IF NOT EXISTS "auth_group_permissions_0e939a4f" ON "auth_group_permissions" ("group_id");
CREATE INDEX IF NOT EXISTS "auth_group_permissions_8373b171" ON "auth_group_permissions" ("permission_id");
CREATE UNIQUE INDEX "auth_user_groups_user_id_94350c0c_uniq" ON "auth_user_groups" ("user_id", "group_id");
CREATE INDEX IF NOT EXISTS "auth_user_groups_e8701ad4" ON "auth_user_groups" ("user_id");
CREATE INDEX IF NOT EXISTS "auth_user_groups_0e939a4f" ON "auth_user_groups" ("group_id");
CREATE UNIQUE INDEX "auth_user_user_permissions_user_id_14a6b632_uniq" ON "auth_user_user_permissions" ("user_id", "permission_id");
CREATE INDEX IF NOT EXISTS "auth_user_user_permissions_e8701ad4" ON "auth_user_user_permissions" ("user_id");
CREATE INDEX IF NOT EXISTS "auth_user_user_permissions_8373b171" ON "auth_user_user_permissions" ("permission_id");
CREATE INDEX IF NOT EXISTS "django_admin_log_417f1b1c" ON "django_admin_log" ("content_type_id");
CREATE INDEX IF NOT EXISTS "django_admin_log_e8701ad4" ON "django_admin_log" ("user_id");
CREATE UNIQUE INDEX "django_content_type_app_label_76bd3d3b_uniq" ON "django_content_type" ("app_label", "model");
CREATE UNIQUE INDEX "auth_permission_content_type_id_01ab375a_uniq" ON "auth_permission" ("content_type_id", "codename");
CREATE INDEX IF NOT EXISTS "auth_permission_417f1b1c" ON "auth_permission" ("content_type_id");
CREATE INDEX IF NOT EXISTS "django_session_de54fa62" ON "django_session" ("expire_date");
CREATE INDEX IF NOT EXISTS "cpm_stagesetting_6fa54945" ON "cpm_stagesetting" ("project_name_id");
CREATE INDEX IF NOT EXISTS "cpm_team_33fd710b" ON "cpm_team" ("member_role_id");
CREATE INDEX IF NOT EXISTS "cpm_team_6fa54945" ON "cpm_team" ("project_name_id");
CREATE INDEX IF NOT EXISTS "cpm_schedule_02c1725c" ON "cpm_schedule" ("assigned_to_id");
CREATE INDEX IF NOT EXISTS "cpm_schedule_6fa54945" ON "cpm_schedule" ("project_name_id");
CREATE INDEX IF NOT EXISTS "cpm_prototype_6fa54945" ON "cpm_prototype" ("project_name_id");
CREATE INDEX IF NOT EXISTS "cpm_schedulecomment_9bc70bb9" ON "cpm_schedulecomment" ("schedule_id");
CREATE INDEX IF NOT EXISTS "cpm_plan_6fa54945" ON "cpm_plan" ("project_name_id");
CREATE INDEX IF NOT EXISTS "cpm_materialcomment_eb4b9aaa" ON "cpm_materialcomment" ("material_id");
CREATE INDEX IF NOT EXISTS "cpm_trackinginfo_courier_id_id_250bdd28" ON "cpm_trackinginfo" ("courier_id_id");
CREATE INDEX IF NOT EXISTS "cpm_trackinginfo_material_id_789fe3e8" ON "cpm_trackinginfo" ("material_id");
CREATE INDEX IF NOT EXISTS "cpm_material_project_name_id_7a455a0b" ON "cpm_material" ("project_name_id");
CREATE INDEX IF NOT EXISTS "cpm_material_order_status_id_9626aa8a" ON "cpm_material" ("order_status_id");
CREATE INDEX IF NOT EXISTS "cpm_material_order_priority_id_7d2a64e8" ON "cpm_material" ("order_priority_id");
CREATE TABLE "django_site" ("id" integer NOT NULL PRIMARY KEY AUTOINCREMENT, "name" varchar(50) NOT NULL, "domain" varchar(100) NOT NULL UNIQUE);
INSERT INTO "django_site" VALUES(1,'CPM Interface','ndave.pythonanywhere.com');
CREATE UNIQUE INDEX "auth_group_permissions_group_id_0cd325b0_uniq" ON "auth_group_permissions" ("group_id", "permission_id");
CREATE INDEX IF NOT EXISTS "auth_group_permissions_0e939a4f" ON "auth_group_permissions" ("group_id");
CREATE INDEX IF NOT EXISTS "auth_group_permissions_8373b171" ON "auth_group_permissions" ("permission_id");
CREATE UNIQUE INDEX "auth_user_groups_user_id_94350c0c_uniq" ON "auth_user_groups" ("user_id", "group_id");
CREATE INDEX IF NOT EXISTS "auth_user_groups_e8701ad4" ON "auth_user_groups" ("user_id");
CREATE INDEX IF NOT EXISTS "auth_user_groups_0e939a4f" ON "auth_user_groups" ("group_id");
CREATE UNIQUE INDEX "auth_user_user_permissions_user_id_14a6b632_uniq" ON "auth_user_user_permissions" ("user_id", "permission_id");
CREATE INDEX IF NOT EXISTS "auth_user_user_permissions_e8701ad4" ON "auth_user_user_permissions" ("user_id");
CREATE INDEX IF NOT EXISTS "auth_user_user_permissions_8373b171" ON "auth_user_user_permissions" ("permission_id");
CREATE INDEX IF NOT EXISTS "django_admin_log_417f1b1c" ON "django_admin_log" ("content_type_id");
CREATE INDEX IF NOT EXISTS "django_admin_log_e8701ad4" ON "django_admin_log" ("user_id");
CREATE UNIQUE INDEX "django_content_type_app_label_76bd3d3b_uniq" ON "django_content_type" ("app_label", "model");
CREATE UNIQUE INDEX "auth_permission_content_type_id_01ab375a_uniq" ON "auth_permission" ("content_type_id", "codename");
CREATE INDEX IF NOT EXISTS "auth_permission_417f1b1c" ON "auth_permission" ("content_type_id");
CREATE INDEX IF NOT EXISTS "django_session_de54fa62" ON "django_session" ("expire_date");
CREATE INDEX IF NOT EXISTS "cpm_stagesetting_6fa54945" ON "cpm_stagesetting" ("project_name_id");
CREATE INDEX IF NOT EXISTS "cpm_team_33fd710b" ON "cpm_team" ("member_role_id");
CREATE INDEX IF NOT EXISTS "cpm_team_6fa54945" ON "cpm_team" ("project_name_id");
CREATE INDEX IF NOT EXISTS "cpm_schedule_02c1725c" ON "cpm_schedule" ("assigned_to_id");
CREATE INDEX IF NOT EXISTS "cpm_schedule_6fa54945" ON "cpm_schedule" ("project_name_id");
CREATE INDEX IF NOT EXISTS "cpm_prototype_6fa54945" ON "cpm_prototype" ("project_name_id");
CREATE INDEX IF NOT EXISTS "cpm_schedulecomment_9bc70bb9" ON "cpm_schedulecomment" ("schedule_id");
CREATE INDEX IF NOT EXISTS "cpm_plan_6fa54945" ON "cpm_plan" ("project_name_id");
CREATE INDEX IF NOT EXISTS "cpm_materialcomment_eb4b9aaa" ON "cpm_materialcomment" ("material_id");
CREATE INDEX IF NOT EXISTS "cpm_trackinginfo_courier_id_id_250bdd28" ON "cpm_trackinginfo" ("courier_id_id");
CREATE INDEX IF NOT EXISTS "cpm_trackinginfo_material_id_789fe3e8" ON "cpm_trackinginfo" ("material_id");
CREATE INDEX IF NOT EXISTS "cpm_material_project_name_id_7a455a0b" ON "cpm_material" ("project_name_id");
CREATE INDEX IF NOT EXISTS "cpm_material_order_status_id_9626aa8a" ON "cpm_material" ("order_status_id");
CREATE INDEX IF NOT EXISTS "cpm_material_order_priority_id_7d2a64e8" ON "cpm_material" ("order_priority_id");
CREATE TABLE "registration_registrationprofile" ("id" integer NOT NULL PRIMARY KEY AUTOINCREMENT, "activation_key" varchar(40) NOT NULL, "user_id" integer NOT NULL UNIQUE REFERENCES "auth_user" ("id"), "activated" bool NOT NULL);
CREATE UNIQUE INDEX "auth_group_permissions_group_id_0cd325b0_uniq" ON "auth_group_permissions" ("group_id", "permission_id");
CREATE INDEX IF NOT EXISTS "auth_group_permissions_0e939a4f" ON "auth_group_permissions" ("group_id");
CREATE INDEX IF NOT EXISTS "auth_group_permissions_8373b171" ON "auth_group_permissions" ("permission_id");
CREATE UNIQUE INDEX "auth_user_groups_user_id_94350c0c_uniq" ON "auth_user_groups" ("user_id", "group_id");
CREATE INDEX IF NOT EXISTS "auth_user_groups_e8701ad4" ON "auth_user_groups" ("user_id");
CREATE INDEX IF NOT EXISTS "auth_user_groups_0e939a4f" ON "auth_user_groups" ("group_id");
CREATE UNIQUE INDEX "auth_user_user_permissions_user_id_14a6b632_uniq" ON "auth_user_user_permissions" ("user_id", "permission_id");
CREATE INDEX IF NOT EXISTS "auth_user_user_permissions_e8701ad4" ON "auth_user_user_permissions" ("user_id");
CREATE INDEX IF NOT EXISTS "auth_user_user_permissions_8373b171" ON "auth_user_user_permissions" ("permission_id");
CREATE INDEX IF NOT EXISTS "django_admin_log_417f1b1c" ON "django_admin_log" ("content_type_id");
CREATE INDEX IF NOT EXISTS "django_admin_log_e8701ad4" ON "django_admin_log" ("user_id");
CREATE UNIQUE INDEX "django_content_type_app_label_76bd3d3b_uniq" ON "django_content_type" ("app_label", "model");
CREATE UNIQUE INDEX "auth_permission_content_type_id_01ab375a_uniq" ON "auth_permission" ("content_type_id", "codename");
CREATE INDEX IF NOT EXISTS "auth_permission_417f1b1c" ON "auth_permission" ("content_type_id");
CREATE INDEX IF NOT EXISTS "django_session_de54fa62" ON "django_session" ("expire_date");
CREATE INDEX IF NOT EXISTS "cpm_stagesetting_6fa54945" ON "cpm_stagesetting" ("project_name_id");
CREATE INDEX IF NOT EXISTS "cpm_team_33fd710b" ON "cpm_team" ("member_role_id");
CREATE INDEX IF NOT EXISTS "cpm_team_6fa54945" ON "cpm_team" ("project_name_id");
CREATE INDEX IF NOT EXISTS "cpm_schedule_02c1725c" ON "cpm_schedule" ("assigned_to_id");
CREATE INDEX IF NOT EXISTS "cpm_schedule_6fa54945" ON "cpm_schedule" ("project_name_id");
CREATE INDEX IF NOT EXISTS "cpm_prototype_6fa54945" ON "cpm_prototype" ("project_name_id");
CREATE INDEX IF NOT EXISTS "cpm_schedulecomment_9bc70bb9" ON "cpm_schedulecomment" ("schedule_id");
CREATE INDEX IF NOT EXISTS "cpm_plan_6fa54945" ON "cpm_plan" ("project_name_id");
CREATE INDEX IF NOT EXISTS "cpm_materialcomment_eb4b9aaa" ON "cpm_materialcomment" ("material_id");
CREATE INDEX IF NOT EXISTS "cpm_trackinginfo_courier_id_id_250bdd28" ON "cpm_trackinginfo" ("courier_id_id");
CREATE INDEX IF NOT EXISTS "cpm_trackinginfo_material_id_789fe3e8" ON "cpm_trackinginfo" ("material_id");
CREATE INDEX IF NOT EXISTS "cpm_material_project_name_id_7a455a0b" ON "cpm_material" ("project_name_id");
CREATE INDEX IF NOT EXISTS "cpm_material_order_status_id_9626aa8a" ON "cpm_material" ("order_status_id");
CREATE INDEX IF NOT EXISTS "cpm_material_order_priority_id_7d2a64e8" ON "cpm_material" ("order_priority_id");
